{
  "project_name" : "Prime Brokerage",
  "project_id" : "46265e90-ca9e-40c8-b610-7f633207a7c1",
  "created_by" : "admin",
  "created_at" : "2023-07-29T14:22:46.516069271Z",
  "environment" : "cp4d",
  "services_info" : [ {
    "name" : "ds-canvas",
    "version" : "470.0.12"
  }, {
    "name" : "ds-flows",
    "version" : "470.0.2"
  }, {
    "name" : "ds-codegen",
    "version" : "470.0.7"
  }, {
    "name" : "ds-flow-runtime",
    "version" : "470.0.2"
  }, {
    "name" : "ds-migration",
    "version" : "470.0.7"
  }, {
    "name" : "DSAssets",
    "version" : "470.0.4"
  }, {
    "name" : "ds-cas-lite",
    "version" : "470.0.3"
  } ],
  "assets" : [ {
    "name" : "Flow_final",
    "type" : "data_intg_flow"
  }, {
    "name" : "Flow_final",
    "type" : "px_executables"
  }, {
    "name" : "PostGreDB",
    "type" : "connection"
  } ],
  "flow_job_mapping" : [ ]
}