{
  "primary_pipeline" : "ae4e6468-7c3a-4a2a-8ade-df0932147906",
  "pipelines" : [ {
    "nodes" : [ {
      "outputs" : [ {
        "id" : "492bb359-457c-4a42-a5a5-59b8ae679742",
        "app_data" : {
          "datastage" : {
            "is_source_of_link" : "ed95c304-7415-4413-a444-15ee02eb4c94"
          },
          "ui_data" : {
            "label" : "outPort",
            "cardinality" : {
              "min" : 0,
              "max" : 1
            }
          }
        },
        "schema_ref" : "3e34f5cf-ff7e-4039-8d0b-a86fde925e87",
        "parameters" : {
          "buf_mode" : "default"
        }
      } ],
      "op" : "postgresql",
      "connection" : {
        "ref" : "c599675e-7391-407e-9146-dc5f77cf3c6f",
        "project_ref" : "46265e90-ca9e-40c8-b610-7f633207a7c1",
        "name" : "PostGreDB",
        "properties" : {
          "_java._heap_size" : 256,
          "before_after.after_node" : "",
          "before_after.before_node.fail_on_error" : true,
          "before_after.after_node.fail_on_error" : true,
          "before_after.before_node" : "",
          "enableSchemalessDesign" : false,
          "schema_name" : "prime_brokerage",
          "table_name" : "PRE_INV",
          "before_after.before" : "",
          "before_after.before.fail_on_error" : true,
          "node_number" : 0,
          "read_mode" : "general",
          "decimal_rounding_mode" : "floor",
          "default_max_string_binary_precision" : 20000,
          "generate_unicode_columns" : false,
          "before_after.after" : "",
          "sampling_type" : "none",
          "node_count" : 1,
          "before_after.after.fail_on_error" : true
        }
      },
      "id" : "51181703-50bd-405b-9c2e-52cbd2de6ffa",
      "type" : "binding",
      "app_data" : {
        "ui_data" : {
          "image" : "/data-intg/flows/graphics/palette/postgresql.svg",
          "x_pos" : 47.52,
          "label" : "PRE_INVENTORY_1",
          "y_pos" : 190.08
        }
      },
      "parameters" : {
        "combinability" : "auto",
        "output_count" : 1,
        "input_count" : 0,
        "execmode" : "default_par",
        "preserve" : -3
      }
    }, {
      "outputs" : [ {
        "id" : "f7e26b35-571a-4e14-b212-ba6ab788b4c5",
        "app_data" : {
          "datastage" : {
            "is_source_of_link" : "494fb0d1-fa79-4e0f-97ba-d3962f807dd6"
          },
          "ui_data" : {
            "label" : "outPort",
            "cardinality" : {
              "min" : 1,
              "max" : 2147483647
            }
          }
        },
        "schema_ref" : "f88d97c2-cd11-4e60-b22e-d88302d4fd51",
        "parameters" : {
          "outputName" : "Link_8",
          "valueDerivation" : [ {
            "parsedExpression" : "Link_1.QTY_SUM-Link_1.SEG_QTY_SUM",
            "columnName" : "AVAILABLE_QTY"
          }, {
            "parsedExpression" : "Link_1.QTY_SUM-Link_1.SEG_QTY_SUM-Link_1.PENDING_QUANTITY_SUM",
            "columnName" : "EXCESS_DEFICIT"
          } ],
          "buf_mode" : "default",
          "buf_free_run" : 50,
          "queue_upper_size" : 0,
          "SortOrderPreserved" : true,
          "max_mem_buf_size" : 3145728,
          "disk_write_inc" : 1048576
        }
      } ],
      "op" : "CTransformerStage",
      "inputs" : [ {
        "links" : [ {
          "node_id_ref" : "51181703-50bd-405b-9c2e-52cbd2de6ffa",
          "type_attr" : "PRIMARY",
          "id" : "ed95c304-7415-4413-a444-15ee02eb4c94",
          "app_data" : {
            "datastage" : { },
            "ui_data" : {
              "decorations" : [ {
                "image" : "/data-intg/flows/graphics/flows/link-output-handle--default-selected.svg",
                "temporary" : false,
                "outline" : false,
                "distance" : 0,
                "x_pos" : -10,
                "id" : "dec-3",
                "position" : "source",
                "y_pos" : -10,
                "class_name" : "linkStartImage"
              }, {
                "path" : "M -15 -15 L -15 15 15 15 15 -15 Z",
                "temporary" : false,
                "distance" : -50,
                "tooltip" : "Auto-partition",
                "x_pos" : 5,
                "id" : "dec-4",
                "position" : "target"
              }, {
                "image" : "/data-intg/flows/graphics/flows/link-marking--auto-partitioning.svg",
                "temporary" : false,
                "outline" : false,
                "distance" : -50,
                "width" : 12,
                "tooltip" : "Auto-partition",
                "x_pos" : -2,
                "id" : "dec-5",
                "position" : "target",
                "y_pos" : -6,
                "height" : 12
              }, {
                "path" : "M -25 -20 L -25 20 25 20 25 -20 Z",
                "temporary" : false,
                "id" : "dec-7",
                "position" : "middle",
                "class_name" : "linkMiddleImage"
              }, {
                "temporary" : false,
                "label_allow_return_key" : "save",
                "label_single_line" : true,
                "width" : 100,
                "label_editable" : true,
                "x_pos" : -20,
                "id" : "dec-8",
                "position" : "middle",
                "label" : "Link_1",
                "y_pos" : -8,
                "height" : 80
              } ],
              "class_name" : "linkStyle__runMetricsLinkDefaultStyle___ixW31"
            }
          },
          "link_name" : "Link_1",
          "port_id_ref" : "492bb359-457c-4a42-a5a5-59b8ae679742"
        } ],
        "id" : "d1e2de4a-8cea-423e-a07b-82ec8c654dde",
        "app_data" : {
          "ui_data" : {
            "label" : "inPort",
            "cardinality" : {
              "min" : 1,
              "max" : 1
            }
          }
        },
        "schema_ref" : "3e34f5cf-ff7e-4039-8d0b-a86fde925e87",
        "parameters" : {
          "keyColsPart" : [ ],
          "runtime_column_propagation" : 0
        }
      } ],
      "id" : "fdaad885-77b1-4c22-b5ef-99b383e2e6dd",
      "type" : "execution_node",
      "app_data" : {
        "datastage" : {
          "inputs_order" : "d1e2de4a-8cea-423e-a07b-82ec8c654dde",
          "outputs_order" : "f7e26b35-571a-4e14-b212-ba6ab788b4c5|d3fbce00-6d9f-4f9c-9663-3be8a019e4a8"
        },
        "ui_data" : {
          "image" : "/data-intg/flows/graphics/palette/CTransformerStage.svg",
          "x_pos" : 380.16,
          "label" : "Transformer_1",
          "y_pos" : 190.08
        }
      },
      "parameters" : {
        "combinability" : "auto",
        "OutputlinkOrderingList" : [ {
          "link_label" : "0",
          "link_name" : "Link_8"
        } ],
        "InputlinkOrderingList" : [ {
          "link_label" : "0",
          "link_name" : "Link_1"
        } ],
        "output_count" : 2,
        "BlockSizeSelectedType" : "systemSelected",
        "StageVariables" : [ ],
        "input_count" : 1,
        "execmode" : "default_par",
        "Triggers" : [ ],
        "preserve" : -3,
        "LoopVariables" : [ ],
        "SKKeySourceType" : "file"
      }
    }, {
      "op" : "PxSequentialFile",
      "inputs" : [ {
        "links" : [ {
          "node_id_ref" : "64d99dd3-04ff-4c87-8061-67c90a073ff3",
          "type_attr" : "PRIMARY",
          "id" : "a7b445a6-1754-4227-9c6d-3ad36682dbc9",
          "app_data" : {
            "ui_data" : {
              "decorations" : [ {
                "image" : "/data-intg/flows/graphics/flows/link-output-handle--default-selected.svg",
                "temporary" : false,
                "outline" : false,
                "distance" : 0,
                "x_pos" : -10,
                "id" : "dec-3",
                "position" : "source",
                "y_pos" : -10,
                "class_name" : "linkStartImage"
              }, {
                "path" : "M -15 -15 L -15 15 15 15 15 -15 Z",
                "temporary" : false,
                "distance" : -50,
                "tooltip" : "Collection",
                "x_pos" : 5,
                "id" : "dec-4",
                "position" : "target"
              }, {
                "image" : "/data-intg/flows/graphics/flows/link-marking--collection.svg",
                "temporary" : false,
                "outline" : false,
                "distance" : -50,
                "width" : 12,
                "tooltip" : "Collection",
                "x_pos" : -2,
                "id" : "dec-5",
                "position" : "target",
                "y_pos" : -6,
                "height" : 12
              }, {
                "path" : "M -25 -20 L -25 20 25 20 25 -20 Z",
                "temporary" : false,
                "id" : "dec-7",
                "position" : "middle",
                "class_name" : "linkMiddleImage"
              }, {
                "temporary" : false,
                "label_allow_return_key" : "save",
                "label_single_line" : true,
                "width" : 100,
                "label_editable" : true,
                "x_pos" : -20,
                "id" : "dec-8",
                "position" : "middle",
                "label" : "Link_9",
                "y_pos" : -8,
                "height" : 80
              } ],
              "class_name" : "linkStyle__runMetricsLinkDefaultStyle___ixW31"
            }
          },
          "link_name" : "Link_9",
          "port_id_ref" : "4fe9f858-3dd8-4776-8c4b-2e1713df29f1"
        } ],
        "id" : "d572d8ca-2f51-4d0d-92d0-275d5967dc0d",
        "app_data" : {
          "ui_data" : {
            "label" : "inPort",
            "cardinality" : {
              "min" : 0,
              "max" : 1
            }
          }
        },
        "schema_ref" : "d082474c-4066-43f5-ad0c-21d056fcc433",
        "parameters" : {
          "final_delim" : "end",
          "showPartType" : false,
          "null_field_sep_flag" : false,
          "null_field" : "NULL",
          "firstLineColumnNames" : "firstLineColumnNames",
          "showCollType" : true,
          "showSortOptions" : false,
          "inputName" : "Link_9",
          "append-overwrite" : "overwrite",
          "rejects" : "continue",
          "file" : [ "Inventory_file" ],
          "quote" : "double",
          "writemethod" : " ",
          "nocleanup" : " ",
          "dataAssetName" : "Inventory_file",
          "registerDataAsset" : true,
          "delim" : "','"
        }
      } ],
      "id" : "669e6e9f-5b7d-4628-96c5-d972c00a19af",
      "type" : "binding",
      "app_data" : {
        "ui_data" : {
          "image" : "/data-intg/flows/graphics/palette/PxSequentialFile.svg",
          "x_pos" : 1021.6800000000001,
          "label" : "Sequential_file_1",
          "y_pos" : 47.52
        }
      },
      "parameters" : {
        "combinability" : "auto",
        "output_count" : 0,
        "nls_map_name" : "UTF-8",
        "input_count" : 1,
        "execmode" : "default_seq"
      }
    }, {
      "outputs" : [ {
        "id" : "4fe9f858-3dd8-4776-8c4b-2e1713df29f1",
        "app_data" : {
          "datastage" : {
            "is_source_of_link" : "a7b445a6-1754-4227-9c6d-3ad36682dbc9"
          },
          "ui_data" : {
            "label" : "outPort",
            "cardinality" : {
              "min" : 1,
              "max" : 2147483646
            }
          }
        },
        "schema_ref" : "d082474c-4066-43f5-ad0c-21d056fcc433",
        "parameters" : {
          "outputName" : "Link_9",
          "valueDerivation" : [ {
            "parsedExpression" : "IF Link_8.EXCESS_DEFICIT > 0 then 0 else abs(Link_8.EXCESS_DEFICIT)",
            "columnName" : "STOCK_BORROW"
          }, {
            "parsedExpression" : "IF Link_8.EXCESS_DEFICIT > 0 then Link_8.EXCESS_DEFICIT ELSE 0",
            "columnName" : "STOCK_LENDING"
          } ],
          "buf_mode" : "default",
          "buf_free_run" : 50,
          "queue_upper_size" : 0,
          "SortOrderPreserved" : true,
          "max_mem_buf_size" : 3145728,
          "disk_write_inc" : 1048576
        }
      }, {
        "id" : "ab30ea86-ab4b-4abb-bb7b-3857c72f317b",
        "app_data" : {
          "datastage" : {
            "is_source_of_link" : "aa0269e8-0de4-4e7f-acd7-f87ec5f6a88c"
          },
          "ui_data" : {
            "label" : "outPort",
            "cardinality" : {
              "min" : 1,
              "max" : 2147483646
            }
          }
        },
        "schema_ref" : "cd7c177e-2c5e-463b-adfc-8201b1377a84",
        "parameters" : {
          "outputName" : "Link_13"
        }
      } ],
      "op" : "CTransformerStage",
      "inputs" : [ {
        "links" : [ {
          "node_id_ref" : "fdaad885-77b1-4c22-b5ef-99b383e2e6dd",
          "type_attr" : "PRIMARY",
          "id" : "494fb0d1-fa79-4e0f-97ba-d3962f807dd6",
          "app_data" : {
            "datastage" : { },
            "ui_data" : {
              "decorations" : [ {
                "image" : "/data-intg/flows/graphics/flows/link-output-handle--default-selected.svg",
                "temporary" : false,
                "outline" : false,
                "distance" : 0,
                "x_pos" : -10,
                "id" : "dec-3",
                "position" : "source",
                "y_pos" : -10,
                "class_name" : "linkStartImage"
              }, {
                "path" : "M -15 -15 L -15 15 15 15 15 -15 Z",
                "temporary" : false,
                "distance" : -50,
                "tooltip" : "Auto-partition",
                "x_pos" : 5,
                "id" : "dec-4",
                "position" : "target"
              }, {
                "image" : "/data-intg/flows/graphics/flows/link-marking--auto-partitioning.svg",
                "temporary" : false,
                "outline" : false,
                "distance" : -50,
                "width" : 12,
                "tooltip" : "Auto-partition",
                "x_pos" : -2,
                "id" : "dec-5",
                "position" : "target",
                "y_pos" : -6,
                "height" : 12
              }, {
                "path" : "M -25 -20 L -25 20 25 20 25 -20 Z",
                "temporary" : false,
                "id" : "dec-7",
                "position" : "middle",
                "class_name" : "linkMiddleImage"
              }, {
                "temporary" : false,
                "label_allow_return_key" : "save",
                "label_single_line" : true,
                "width" : 100,
                "label_editable" : true,
                "x_pos" : -20,
                "id" : "dec-8",
                "position" : "middle",
                "label" : "Link_8",
                "y_pos" : -8,
                "height" : 80
              } ],
              "class_name" : "linkStyle__runMetricsLinkDefaultStyle___ixW31"
            }
          },
          "link_name" : "Link_8",
          "port_id_ref" : "f7e26b35-571a-4e14-b212-ba6ab788b4c5"
        } ],
        "id" : "af89e5c2-20cc-43ec-90c7-ec755e8dea80",
        "app_data" : {
          "ui_data" : {
            "label" : "inPort",
            "cardinality" : {
              "min" : 1,
              "max" : 1
            }
          }
        },
        "schema_ref" : "f88d97c2-cd11-4e60-b22e-d88302d4fd51",
        "parameters" : { }
      } ],
      "id" : "64d99dd3-04ff-4c87-8061-67c90a073ff3",
      "type" : "execution_node",
      "app_data" : {
        "datastage" : {
          "inputs_order" : "af89e5c2-20cc-43ec-90c7-ec755e8dea80",
          "outputs_order" : "4fe9f858-3dd8-4776-8c4b-2e1713df29f1|ab30ea86-ab4b-4abb-bb7b-3857c72f317b"
        },
        "ui_data" : {
          "image" : "/data-intg/flows/graphics/palette/CTransformerStage.svg",
          "x_pos" : 689.0400000000001,
          "label" : "Transformer_2",
          "y_pos" : 190.08
        }
      },
      "parameters" : {
        "combinability" : "auto",
        "OutputlinkOrderingList" : [ {
          "link_label" : "0",
          "link_name" : "Link_9"
        } ],
        "InputlinkOrderingList" : [ {
          "link_label" : "0",
          "link_name" : "Link_8"
        } ],
        "output_count" : 2,
        "BlockSizeSelectedType" : "systemSelected",
        "StageVariables" : [ ],
        "input_count" : 1,
        "execmode" : "default_par",
        "Triggers" : [ ],
        "preserve" : -3,
        "LoopVariables" : [ ],
        "SKKeySourceType" : "file"
      }
    }, {
      "op" : "postgresql",
      "inputs" : [ {
        "links" : [ {
          "node_id_ref" : "64d99dd3-04ff-4c87-8061-67c90a073ff3",
          "type_attr" : "PRIMARY",
          "id" : "aa0269e8-0de4-4e7f-acd7-f87ec5f6a88c",
          "app_data" : {
            "datastage" : { },
            "ui_data" : {
              "decorations" : [ {
                "image" : "/data-intg/flows/graphics/flows/link-output-handle--default-selected.svg",
                "temporary" : false,
                "outline" : false,
                "distance" : 0,
                "x_pos" : -10,
                "id" : "dec-3",
                "position" : "source",
                "y_pos" : -10,
                "class_name" : "linkStartImage"
              }, {
                "path" : "M -15 -15 L -15 15 15 15 15 -15 Z",
                "temporary" : false,
                "distance" : -50,
                "tooltip" : "Auto-partition",
                "x_pos" : 5,
                "id" : "dec-4",
                "position" : "target"
              }, {
                "image" : "/data-intg/flows/graphics/flows/link-marking--auto-partitioning.svg",
                "temporary" : false,
                "outline" : false,
                "distance" : -50,
                "width" : 12,
                "tooltip" : "Auto-partition",
                "x_pos" : -2,
                "id" : "dec-5",
                "position" : "target",
                "y_pos" : -6,
                "height" : 12
              }, {
                "path" : "M -25 -20 L -25 20 25 20 25 -20 Z",
                "temporary" : false,
                "id" : "dec-7",
                "position" : "middle",
                "class_name" : "linkMiddleImage"
              }, {
                "temporary" : false,
                "label_allow_return_key" : "save",
                "label_single_line" : true,
                "width" : 100,
                "label_editable" : true,
                "x_pos" : -20,
                "id" : "dec-8",
                "position" : "middle",
                "label" : "Link_13",
                "y_pos" : -8,
                "height" : 80
              } ],
              "class_name" : "linkStyle__runMetricsLinkDefaultStyle___ixW31"
            }
          },
          "link_name" : "Link_13",
          "port_id_ref" : "ab30ea86-ab4b-4abb-bb7b-3857c72f317b"
        } ],
        "id" : "6b1d394e-65a2-4266-ad5b-aaac2967469f",
        "app_data" : {
          "ui_data" : {
            "label" : "inPort",
            "cardinality" : {
              "min" : 0,
              "max" : 1
            }
          }
        },
        "schema_ref" : "cd7c177e-2c5e-463b-adfc-8201b1377a84",
        "parameters" : { }
      } ],
      "connection" : {
        "ref" : "c599675e-7391-407e-9146-dc5f77cf3c6f",
        "project_ref" : "46265e90-ca9e-40c8-b610-7f633207a7c1",
        "name" : "PostGreDB",
        "properties" : {
          "_java._heap_size" : 256,
          "before_after.after_node" : "",
          "before_after.before_node.fail_on_error" : true,
          "db2InstanceSelect" : "use_db2InstanceEnv",
          "table_name" : "SBL_INVENTORY_V2",
          "before_after.before" : "",
          "inputName" : "Link_13",
          "write_mode" : "insert",
          "node_number" : 0,
          "dataAssetName" : "INVENTORY",
          "before_after.after" : "",
          "node_count" : 1,
          "table_action" : "replace",
          "registerDataAsset" : true,
          "showPartType" : true,
          "before_after.after_node.fail_on_error" : true,
          "batch_size" : 2000,
          "showCollType" : false,
          "before_after.before_node" : "",
          "part_type" : "auto",
          "schema_name" : "prime_brokerage",
          "isInputLink" : true,
          "showSortOptions" : false,
          "before_after.before.fail_on_error" : true,
          "db2NameSelect" : "use_db2NameEnv",
          "before_after.after.fail_on_error" : true
        }
      },
      "id" : "ce066e1d-3c0c-4430-93cb-389d63d269c1",
      "type" : "binding",
      "app_data" : {
        "ui_data" : {
          "image" : "/data-intg/flows/graphics/palette/postgresql.svg",
          "x_pos" : 1021.6800000000001,
          "label" : "PostgreSQL_1",
          "y_pos" : 356.40000000000003
        }
      },
      "parameters" : {
        "combinability" : "auto",
        "inputcolProperties" : [ {
          "Unicode" : false,
          "TempOldColumnName" : "PENDING_QUANTITY_SUM",
          "ColumnName" : "PENDING_QUANTITY_SUM",
          "Description" : " ",
          "Length" : "–",
          "Signed" : true,
          "Metadata" : "DOUBLE, Null",
          "DataType" : "DOUBLE",
          "Scale" : 0,
          "Key" : false,
          "Nullable" : true,
          "OldColumnName" : "PENDING_QUANTITY_SUM"
        }, {
          "Unicode" : false,
          "TempOldColumnName" : "SECURITY",
          "ColumnName" : "SECURITY",
          "Description" : " ",
          "Length" : 50,
          "Signed" : false,
          "Metadata" : "VARCHAR(50), Null",
          "DataType" : "VARCHAR",
          "Scale" : 0,
          "Key" : false,
          "Nullable" : true,
          "OldColumnName" : "SECURITY"
        }, {
          "Unicode" : false,
          "TempOldColumnName" : "DEPOT_ID",
          "ColumnName" : "DEPOT_ID",
          "Description" : " ",
          "Length" : 16,
          "Signed" : true,
          "Metadata" : "NUMERIC(16), Null",
          "DataType" : "NUMERIC",
          "Scale" : 0,
          "Key" : false,
          "Nullable" : true,
          "OldColumnName" : "DEPOT_ID"
        }, {
          "Unicode" : false,
          "TempOldColumnName" : "QTY_SUM",
          "ColumnName" : "QTY_SUM",
          "Description" : " ",
          "Length" : "–",
          "Signed" : true,
          "Metadata" : "DOUBLE, Null",
          "DataType" : "DOUBLE",
          "Scale" : 0,
          "Key" : false,
          "Nullable" : true,
          "OldColumnName" : "QTY_SUM"
        }, {
          "Unicode" : false,
          "TempOldColumnName" : "SEG_QTY_SUM",
          "ColumnName" : "SEG_QTY_SUM",
          "Description" : " ",
          "Length" : "–",
          "Signed" : true,
          "Metadata" : "DOUBLE, Null",
          "DataType" : "DOUBLE",
          "Scale" : 0,
          "Key" : false,
          "Nullable" : true,
          "OldColumnName" : "SEG_QTY_SUM"
        }, {
          "Unicode" : false,
          "TempOldColumnName" : "AVAILABLE_QTY",
          "ColumnName" : "AVAILABLE_QTY",
          "Description" : " ",
          "Length" : "–",
          "Signed" : false,
          "Metadata" : "DOUBLE, Null",
          "DataType" : "DOUBLE",
          "Scale" : 0,
          "Key" : false,
          "Nullable" : true,
          "OldColumnName" : "AVAILABLE_QTY"
        }, {
          "Unicode" : false,
          "TempOldColumnName" : "EXCESS_DEFICIT",
          "ColumnName" : "EXCESS_DEFICIT",
          "Description" : " ",
          "Length" : "–",
          "Signed" : false,
          "Metadata" : "DOUBLE",
          "DataType" : "DOUBLE",
          "Scale" : 0,
          "Key" : false,
          "Nullable" : false,
          "OldColumnName" : "EXCESS_DEFICIT"
        } ],
        "output_count" : 0,
        "input_count" : 1,
        "execmode" : "default_par"
      }
    } ],
    "description" : "",
    "id" : "ae4e6468-7c3a-4a2a-8ade-df0932147906",
    "app_data" : {
      "ui_data" : {
        "comments" : [ ]
      }
    },
    "runtime_ref" : "pxOsh"
  } ],
  "external_paramsets" : [ ],
  "json_schema" : "https://api.dataplatform.ibm.com/schemas/common-pipeline/pipeline-flow/pipeline-flow-v3-schema.json",
  "schemas" : [ {
    "id" : "3e34f5cf-ff7e-4039-8d0b-a86fde925e87",
    "fields" : [ {
      "metadata" : {
        "item_index" : 0,
        "is_key" : false,
        "min_length" : 0,
        "decimal_scale" : 0,
        "decimal_precision" : 0,
        "description" : " ",
        "max_length" : 15,
        "is_signed" : true
      },
      "nullable" : true,
      "name" : "PENDING_QUANTITY_SUM",
      "type" : "double",
      "app_data" : {
        "odbc_type" : "DOUBLE",
        "is_unicode_string" : false,
        "type_code" : "DFLOAT"
      }
    }, {
      "metadata" : {
        "item_index" : 0,
        "is_key" : false,
        "min_length" : 0,
        "decimal_scale" : 0,
        "decimal_precision" : 0,
        "description" : " ",
        "max_length" : 50,
        "is_signed" : false
      },
      "nullable" : true,
      "name" : "SECURITY",
      "type" : "string",
      "app_data" : {
        "odbc_type" : "VARCHAR",
        "is_unicode_string" : false,
        "type_code" : "STRING"
      }
    }, {
      "metadata" : {
        "item_index" : 0,
        "is_key" : false,
        "min_length" : 0,
        "decimal_scale" : 0,
        "decimal_precision" : 16,
        "description" : " ",
        "max_length" : 16,
        "is_signed" : true
      },
      "nullable" : true,
      "name" : "DEPOT_ID",
      "type" : "double",
      "app_data" : {
        "odbc_type" : "NUMERIC",
        "is_unicode_string" : false,
        "type_code" : "DECIMAL"
      }
    }, {
      "metadata" : {
        "item_index" : 0,
        "is_key" : false,
        "min_length" : 0,
        "decimal_scale" : 0,
        "decimal_precision" : 0,
        "description" : " ",
        "max_length" : 15,
        "is_signed" : true
      },
      "nullable" : true,
      "name" : "QTY_SUM",
      "type" : "double",
      "app_data" : {
        "odbc_type" : "DOUBLE",
        "is_unicode_string" : false,
        "type_code" : "DFLOAT"
      }
    }, {
      "metadata" : {
        "item_index" : 0,
        "is_key" : false,
        "min_length" : 0,
        "decimal_scale" : 0,
        "decimal_precision" : 0,
        "description" : " ",
        "max_length" : 15,
        "is_signed" : true
      },
      "nullable" : true,
      "name" : "SEG_QTY_SUM",
      "type" : "double",
      "app_data" : {
        "odbc_type" : "DOUBLE",
        "is_unicode_string" : false,
        "type_code" : "DFLOAT"
      }
    } ]
  }, {
    "id" : "f88d97c2-cd11-4e60-b22e-d88302d4fd51",
    "fields" : [ {
      "metadata" : {
        "item_index" : 0,
        "is_key" : false,
        "decimal_scale" : 0,
        "description" : " ",
        "source_field_id" : "Link_1.PENDING_QUANTITY_SUM",
        "max_length" : 15,
        "is_signed" : true
      },
      "nullable" : true,
      "name" : "PENDING_QUANTITY_SUM",
      "type" : "DOUBLE",
      "app_data" : {
        "odbc_type" : "DOUBLE",
        "is_unicode_string" : false
      }
    }, {
      "metadata" : {
        "item_index" : 0,
        "is_key" : false,
        "decimal_scale" : 0,
        "description" : " ",
        "source_field_id" : "Link_1.SECURITY",
        "max_length" : 50,
        "is_signed" : false
      },
      "nullable" : true,
      "name" : "SECURITY",
      "type" : "string",
      "app_data" : {
        "odbc_type" : "VARCHAR",
        "is_unicode_string" : false
      }
    }, {
      "metadata" : {
        "item_index" : 0,
        "is_key" : false,
        "decimal_scale" : 0,
        "decimal_precision" : 16,
        "description" : " ",
        "source_field_id" : "Link_1.DEPOT_ID",
        "max_length" : 16,
        "is_signed" : true
      },
      "nullable" : true,
      "name" : "DEPOT_ID",
      "type" : "double",
      "app_data" : {
        "odbc_type" : "NUMERIC",
        "is_unicode_string" : false,
        "type_code" : "DECIMAL"
      }
    }, {
      "metadata" : {
        "item_index" : 0,
        "is_key" : false,
        "decimal_scale" : 0,
        "description" : " ",
        "source_field_id" : "Link_1.QTY_SUM",
        "max_length" : 15,
        "is_signed" : true
      },
      "nullable" : true,
      "name" : "QTY_SUM",
      "type" : "DOUBLE",
      "app_data" : {
        "odbc_type" : "DOUBLE",
        "is_unicode_string" : false
      }
    }, {
      "metadata" : {
        "item_index" : 0,
        "is_key" : false,
        "decimal_scale" : 0,
        "description" : " ",
        "source_field_id" : "Link_1.SEG_QTY_SUM",
        "max_length" : 15,
        "is_signed" : true
      },
      "nullable" : true,
      "name" : "SEG_QTY_SUM",
      "type" : "DOUBLE",
      "app_data" : {
        "odbc_type" : "DOUBLE",
        "is_unicode_string" : false
      }
    }, {
      "metadata" : {
        "item_index" : 0,
        "is_key" : false,
        "min_length" : 0,
        "decimal_scale" : 0,
        "decimal_precision" : 0,
        "description" : " ",
        "lastDataType" : "DOUBLE",
        "max_length" : 100,
        "is_signed" : false
      },
      "nullable" : true,
      "name" : "AVAILABLE_QTY",
      "type" : "DOUBLE",
      "app_data" : {
        "odbc_type" : "DOUBLE",
        "is_unicode_string" : false,
        "type_code" : "DFLOAT"
      }
    }, {
      "metadata" : {
        "item_index" : 0,
        "is_key" : false,
        "min_length" : 0,
        "decimal_scale" : 0,
        "decimal_precision" : 0,
        "description" : " ",
        "lastDataType" : "DOUBLE",
        "max_length" : 100,
        "is_signed" : false
      },
      "nullable" : false,
      "name" : "EXCESS_DEFICIT",
      "type" : "DOUBLE",
      "app_data" : {
        "odbc_type" : "DOUBLE",
        "is_unicode_string" : false,
        "type_code" : "DFLOAT"
      }
    } ]
  }, {
    "id" : "d082474c-4066-43f5-ad0c-21d056fcc433",
    "fields" : [ {
      "metadata" : {
        "item_index" : 0,
        "is_key" : false,
        "decimal_scale" : 0,
        "description" : " ",
        "source_field_id" : "Link_8.PENDING_QUANTITY_SUM",
        "max_length" : 15,
        "is_signed" : true
      },
      "nullable" : true,
      "name" : "PENDING_QUANTITY_SUM",
      "type" : "DOUBLE",
      "app_data" : {
        "odbc_type" : "DOUBLE",
        "is_unicode_string" : false
      }
    }, {
      "metadata" : {
        "item_index" : 0,
        "is_key" : false,
        "decimal_scale" : 0,
        "description" : " ",
        "source_field_id" : "Link_8.SECURITY",
        "max_length" : 50,
        "is_signed" : false
      },
      "nullable" : true,
      "name" : "SECURITY",
      "type" : "string",
      "app_data" : {
        "odbc_type" : "VARCHAR",
        "is_unicode_string" : false
      }
    }, {
      "metadata" : {
        "item_index" : 0,
        "is_key" : false,
        "decimal_scale" : 0,
        "decimal_precision" : 16,
        "description" : " ",
        "source_field_id" : "Link_8.DEPOT_ID",
        "max_length" : 16,
        "is_signed" : true
      },
      "nullable" : true,
      "name" : "DEPOT_ID",
      "type" : "double",
      "app_data" : {
        "odbc_type" : "NUMERIC",
        "is_unicode_string" : false,
        "type_code" : "DECIMAL"
      }
    }, {
      "metadata" : {
        "item_index" : 0,
        "is_key" : false,
        "decimal_scale" : 0,
        "description" : " ",
        "source_field_id" : "Link_8.QTY_SUM",
        "max_length" : 15,
        "is_signed" : true
      },
      "nullable" : true,
      "name" : "QTY_SUM",
      "type" : "DOUBLE",
      "app_data" : {
        "odbc_type" : "DOUBLE",
        "is_unicode_string" : false
      }
    }, {
      "metadata" : {
        "item_index" : 0,
        "is_key" : false,
        "decimal_scale" : 0,
        "description" : " ",
        "source_field_id" : "Link_8.SEG_QTY_SUM",
        "max_length" : 15,
        "is_signed" : true
      },
      "nullable" : true,
      "name" : "SEG_QTY_SUM",
      "type" : "DOUBLE",
      "app_data" : {
        "odbc_type" : "DOUBLE",
        "is_unicode_string" : false
      }
    }, {
      "metadata" : {
        "item_index" : 0,
        "is_key" : false,
        "min_length" : 0,
        "decimal_scale" : 0,
        "decimal_precision" : 0,
        "description" : " ",
        "lastDataType" : "DOUBLE",
        "source_field_id" : "Link_8.AVAILABLE_QTY",
        "max_length" : 100,
        "is_signed" : false
      },
      "nullable" : true,
      "name" : "AVAILABLE_QTY",
      "type" : "DOUBLE",
      "app_data" : {
        "odbc_type" : "DOUBLE",
        "is_unicode_string" : false,
        "type_code" : "DFLOAT"
      }
    }, {
      "metadata" : {
        "item_index" : 0,
        "is_key" : false,
        "min_length" : 0,
        "decimal_scale" : 0,
        "decimal_precision" : 0,
        "description" : " ",
        "lastDataType" : "DOUBLE",
        "source_field_id" : "Link_8.EXCESS_DEFICIT",
        "max_length" : 100,
        "is_signed" : false
      },
      "nullable" : false,
      "name" : "EXCESS_DEFICIT",
      "type" : "DOUBLE",
      "app_data" : {
        "odbc_type" : "DOUBLE",
        "is_unicode_string" : false,
        "type_code" : "DFLOAT"
      }
    }, {
      "metadata" : {
        "item_index" : 0,
        "is_key" : false,
        "min_length" : 0,
        "decimal_scale" : 0,
        "decimal_precision" : 0,
        "description" : " ",
        "lastDataType" : "DOUBLE",
        "max_length" : 100,
        "is_signed" : false
      },
      "nullable" : false,
      "name" : "STOCK_BORROW",
      "type" : "DOUBLE",
      "app_data" : {
        "odbc_type" : "DOUBLE",
        "is_unicode_string" : false,
        "type_code" : "DFLOAT"
      }
    }, {
      "metadata" : {
        "item_index" : 0,
        "is_key" : false,
        "min_length" : 0,
        "decimal_scale" : 0,
        "decimal_precision" : 0,
        "description" : " ",
        "lastDataType" : "DOUBLE",
        "max_length" : 100,
        "is_signed" : false
      },
      "nullable" : false,
      "name" : "STOCK_LENDING",
      "type" : "DOUBLE",
      "app_data" : {
        "odbc_type" : "DOUBLE",
        "is_unicode_string" : false,
        "type_code" : "DFLOAT"
      }
    } ]
  }, {
    "id" : "cd7c177e-2c5e-463b-adfc-8201b1377a84",
    "fields" : [ {
      "metadata" : {
        "item_index" : 0,
        "is_key" : false,
        "decimal_scale" : 0,
        "description" : " ",
        "source_field_id" : "Link_8.PENDING_QUANTITY_SUM",
        "max_length" : 15,
        "is_signed" : true
      },
      "nullable" : true,
      "name" : "PENDING_QUANTITY_SUM",
      "type" : "DOUBLE",
      "app_data" : {
        "odbc_type" : "DOUBLE",
        "is_unicode_string" : false
      }
    }, {
      "metadata" : {
        "item_index" : 0,
        "is_key" : false,
        "decimal_scale" : 0,
        "description" : " ",
        "source_field_id" : "Link_8.SECURITY",
        "max_length" : 50,
        "is_signed" : false
      },
      "nullable" : true,
      "name" : "SECURITY",
      "type" : "string",
      "app_data" : {
        "odbc_type" : "VARCHAR",
        "is_unicode_string" : false
      }
    }, {
      "metadata" : {
        "item_index" : 0,
        "is_key" : false,
        "decimal_scale" : 0,
        "decimal_precision" : 16,
        "description" : " ",
        "source_field_id" : "Link_8.DEPOT_ID",
        "max_length" : 16,
        "is_signed" : true
      },
      "nullable" : true,
      "name" : "DEPOT_ID",
      "type" : "double",
      "app_data" : {
        "odbc_type" : "NUMERIC",
        "is_unicode_string" : false,
        "type_code" : "DECIMAL"
      }
    }, {
      "metadata" : {
        "item_index" : 0,
        "is_key" : false,
        "decimal_scale" : 0,
        "description" : " ",
        "source_field_id" : "Link_8.QTY_SUM",
        "max_length" : 15,
        "is_signed" : true
      },
      "nullable" : true,
      "name" : "QTY_SUM",
      "type" : "DOUBLE",
      "app_data" : {
        "odbc_type" : "DOUBLE",
        "is_unicode_string" : false
      }
    }, {
      "metadata" : {
        "item_index" : 0,
        "is_key" : false,
        "decimal_scale" : 0,
        "description" : " ",
        "source_field_id" : "Link_8.SEG_QTY_SUM",
        "max_length" : 15,
        "is_signed" : true
      },
      "nullable" : true,
      "name" : "SEG_QTY_SUM",
      "type" : "DOUBLE",
      "app_data" : {
        "odbc_type" : "DOUBLE",
        "is_unicode_string" : false
      }
    }, {
      "metadata" : {
        "item_index" : 0,
        "is_key" : false,
        "min_length" : 0,
        "decimal_scale" : 0,
        "decimal_precision" : 0,
        "description" : " ",
        "lastDataType" : "DOUBLE",
        "source_field_id" : "Link_8.AVAILABLE_QTY",
        "max_length" : 100,
        "is_signed" : false
      },
      "nullable" : true,
      "name" : "AVAILABLE_QTY",
      "type" : "DOUBLE",
      "app_data" : {
        "odbc_type" : "DOUBLE",
        "is_unicode_string" : false,
        "type_code" : "DFLOAT"
      }
    }, {
      "metadata" : {
        "item_index" : 0,
        "is_key" : false,
        "min_length" : 0,
        "decimal_scale" : 0,
        "decimal_precision" : 0,
        "description" : " ",
        "lastDataType" : "DOUBLE",
        "source_field_id" : "Link_8.EXCESS_DEFICIT",
        "max_length" : 100,
        "is_signed" : false
      },
      "nullable" : false,
      "name" : "EXCESS_DEFICIT",
      "type" : "DOUBLE",
      "app_data" : {
        "odbc_type" : "DOUBLE",
        "is_unicode_string" : false,
        "type_code" : "DFLOAT"
      }
    } ]
  } ],
  "doc_type" : "pipeline",
  "id" : "aa8e2f04-bacd-44b4-af94-0f57b7cc1cde",
  "app_data" : {
    "datastage" : {
      "timestamp_format" : "",
      "decimal_separator" : "",
      "flowRunPriorityQueue" : "Medium",
      "time_format" : "",
      "message_handlers" : [ ],
      "date_format" : "",
      "version" : "3.0.5"
    },
    "additionalProperties" : {
      "transInputLinkMapper" : {
        "fdaad885-77b1-4c22-b5ef-99b383e2e6dd" : "Link_1",
        "64d99dd3-04ff-4c87-8061-67c90a073ff3" : "Link_8"
      },
      "rcpLinkList" : [ ],
      "enableRCP" : false,
      "enableSchemaLessDesign" : false,
      "showLinkmarkings" : true,
      "showRuntimeMetrics" : true,
      "showComments" : true,
      "runMode" : "ETL"
    }
  },
  "version" : "3.0",
  "parameters" : {
    "local_parameters" : [ ]
  }
}