{
  "ref_catalog_id" : "733c9981-ae55-4f85-b840-cc0ea632160c",
  "interaction_properties" : {
    "source" : [ {
      "hidden" : false,
      "masked" : false,
      "description" : "Specify the maximum Java Virtual Machine heap size in megabytes.",
      "displayGroup" : "other",
      "default_value" : "256",
      "label" : "Heap size",
      "type" : "integer",
      "supported_products" : [ "datastage_scapi" ],
      "required" : false,
      "user_defined" : false,
      "readonly" : false,
      "uiOnly" : false,
      "displayOrdinal" : 2147483647,
      "multiline" : false,
      "name" : "_java._heap_size",
      "multichoice" : false
    }, {
      "hidden" : false,
      "masked" : false,
      "description" : "Enter the SQL statement or the fully-qualified name of the file that contains the SQL statement to run once after all data is processed.",
      "displayGroup" : "before_after",
      "default_value" : "",
      "label" : "After SQL",
      "type" : "string",
      "supported_products" : [ "datastage_scapi" ],
      "required" : false,
      "user_defined" : false,
      "readonly" : false,
      "uiOnly" : false,
      "displayOrdinal" : 300,
      "multiline" : true,
      "name" : "before_after.after",
      "multichoice" : false
    }, {
      "hidden" : false,
      "masked" : false,
      "description" : "Abort the job if there is an error executing a command",
      "displayGroup" : "before_after",
      "default_value" : "true",
      "label" : "Fail on error After SQL",
      "type" : "boolean",
      "supported_products" : [ "datastage_scapi" ],
      "required" : false,
      "user_defined" : false,
      "readonly" : false,
      "uiOnly" : false,
      "displayOrdinal" : 400,
      "multiline" : false,
      "name" : "before_after.after.fail_on_error",
      "multichoice" : false
    }, {
      "hidden" : false,
      "masked" : false,
      "description" : "Enter the SQL statement or the fully-qualified name of the file that contains the SQL statement to run once one each node after all data is processed on that node.",
      "displayGroup" : "before_after",
      "default_value" : "",
      "label" : "After SQL (node)",
      "type" : "string",
      "supported_products" : [ "datastage_scapi" ],
      "required" : false,
      "user_defined" : false,
      "readonly" : false,
      "uiOnly" : false,
      "displayOrdinal" : 700,
      "multiline" : true,
      "name" : "before_after.after_node",
      "multichoice" : false
    }, {
      "hidden" : false,
      "masked" : false,
      "description" : "Abort the job if there is an error executing a command",
      "displayGroup" : "before_after",
      "default_value" : "true",
      "label" : "Fail on error After SQL (node)",
      "type" : "boolean",
      "supported_products" : [ "datastage_scapi" ],
      "required" : false,
      "user_defined" : false,
      "readonly" : false,
      "uiOnly" : false,
      "displayOrdinal" : 800,
      "multiline" : false,
      "name" : "before_after.after_node.fail_on_error",
      "multichoice" : false
    }, {
      "hidden" : false,
      "masked" : false,
      "description" : "Enter the SQL statement or the fully-qualified name of the file that contains the SQL statement to run once before any data is processed.",
      "displayGroup" : "before_after",
      "default_value" : "",
      "label" : "Before SQL",
      "type" : "string",
      "supported_products" : [ "datastage_scapi" ],
      "required" : false,
      "user_defined" : false,
      "readonly" : false,
      "uiOnly" : false,
      "displayOrdinal" : 100,
      "multiline" : true,
      "name" : "before_after.before",
      "multichoice" : false
    }, {
      "hidden" : false,
      "masked" : false,
      "description" : "Abort the job if there is an error executing a command",
      "displayGroup" : "before_after",
      "default_value" : "true",
      "label" : "Fail on error Before SQL",
      "type" : "boolean",
      "supported_products" : [ "datastage_scapi" ],
      "required" : false,
      "user_defined" : false,
      "readonly" : false,
      "uiOnly" : false,
      "displayOrdinal" : 200,
      "multiline" : false,
      "name" : "before_after.before.fail_on_error",
      "multichoice" : false
    }, {
      "hidden" : false,
      "masked" : false,
      "description" : "Enter the SQL statement or the fully-qualified name of the file that contains the SQL statement to run once on each node before any data is processed on that node.",
      "displayGroup" : "before_after",
      "default_value" : "",
      "label" : "Before SQL (node)",
      "type" : "string",
      "supported_products" : [ "datastage_scapi" ],
      "required" : false,
      "user_defined" : false,
      "readonly" : false,
      "uiOnly" : false,
      "displayOrdinal" : 500,
      "multiline" : true,
      "name" : "before_after.before_node",
      "multichoice" : false
    }, {
      "hidden" : false,
      "masked" : false,
      "description" : "Abort the job if there is an error executing a command",
      "displayGroup" : "before_after",
      "default_value" : "true",
      "label" : "Fail on error Before SQL (node)",
      "type" : "boolean",
      "supported_products" : [ "datastage_scapi" ],
      "required" : false,
      "user_defined" : false,
      "readonly" : false,
      "uiOnly" : false,
      "displayOrdinal" : 600,
      "multiline" : false,
      "name" : "before_after.before_node.fail_on_error",
      "multichoice" : false
    }, {
      "hidden" : false,
      "masked" : false,
      "description" : "The maximum number of bytes to return. Use any of following suffixes to change the unit: KB, MB, GB, or TB. A value of 0 returns all data.",
      "displayGroup" : "limitsSource",
      "label" : "Byte limit",
      "type" : "string",
      "required" : false,
      "user_defined" : false,
      "readonly" : false,
      "uiOnly" : false,
      "displayOrdinal" : 20,
      "multiline" : false,
      "name" : "byte_limit",
      "multichoice" : false,
      "placeholder" : "100MB"
    }, {
      "hidden" : false,
      "masked" : false,
      "values" : [ {
        "label" : "Ceiling",
        "value" : "ceiling"
      }, {
        "label" : "Down",
        "value" : "down"
      }, {
        "label" : "Floor",
        "value" : "floor"
      }, {
        "label" : "Half Down",
        "value" : "halfdown"
      }, {
        "label" : "Half Even",
        "value" : "halfeven"
      }, {
        "label" : "Half up",
        "value" : "halfup"
      }, {
        "label" : "Up",
        "value" : "up"
      } ],
      "description" : "Different rounding modes for values in columns of decimal and numeric data types",
      "displayGroup" : "generalSource",
      "default_value" : "floor",
      "label" : "Decimal Rounding Mode",
      "type" : "enum",
      "required" : false,
      "user_defined" : false,
      "readonly" : false,
      "uiOnly" : false,
      "displayOrdinal" : 100,
      "multiline" : false,
      "name" : "decimal_rounding_mode",
      "multichoice" : false
    }, {
      "hidden" : false,
      "masked" : false,
      "description" : "Default maximum length for columns. This property can be set/is applicable only when runtime column propagation is used",
      "displayGroup" : "generalSource",
      "default_value" : "20000",
      "label" : "Default maximum length for columns",
      "type" : "integer",
      "supported_products" : [ "datastage_scapi" ],
      "required" : false,
      "user_defined" : false,
      "readonly" : false,
      "uiOnly" : false,
      "displayOrdinal" : 2000,
      "multiline" : false,
      "name" : "default_max_string_binary_precision",
      "multichoice" : false
    }, {
      "hidden" : false,
      "masked" : false,
      "description" : "Generate unicode type columns. This property can be set/is applicable only when runtime column propagation is used",
      "displayGroup" : "generalSource",
      "default_value" : "false",
      "label" : "Generate unicode type columns",
      "type" : "boolean",
      "supported_products" : [ "datastage_scapi" ],
      "required" : false,
      "user_defined" : false,
      "readonly" : false,
      "uiOnly" : false,
      "displayOrdinal" : 0,
      "multiline" : false,
      "name" : "generate_unicode_columns",
      "multichoice" : false
    }, {
      "hidden" : true,
      "masked" : false,
      "description" : "A comma separated list of column names to override the primary key used for partitioning",
      "displayGroup" : "generalSource",
      "label" : "Key column names",
      "type" : "string",
      "required" : false,
      "user_defined" : false,
      "readonly" : false,
      "uiOnly" : false,
      "displayOrdinal" : 70,
      "multiline" : false,
      "name" : "key_column_names",
      "multichoice" : false
    }, {
      "hidden" : true,
      "masked" : false,
      "description" : "Filters as Spark SQL to be pushed to the data source",
      "displayGroup" : "other",
      "label" : "Push filters",
      "type" : "string",
      "required" : false,
      "user_defined" : false,
      "readonly" : false,
      "uiOnly" : false,
      "displayOrdinal" : 2147483647,
      "multiline" : false,
      "name" : "push_filters",
      "multichoice" : false
    }, {
      "hidden" : true,
      "masked" : false,
      "description" : "Inferred property that returns filters as Spark SQL that were pushed to the data source",
      "displayGroup" : "other",
      "label" : "Pushed filters",
      "type" : "string",
      "required" : false,
      "user_defined" : false,
      "readonly" : false,
      "uiOnly" : false,
      "displayOrdinal" : 2147483647,
      "multiline" : false,
      "name" : "pushed_filters",
      "multichoice" : false
    }, {
      "hidden" : true,
      "masked" : false,
      "description" : "Obtain the schema from the data source",
      "displayGroup" : "other",
      "default_value" : "true",
      "label" : "Infer schema",
      "type" : "boolean",
      "required" : false,
      "user_defined" : false,
      "readonly" : false,
      "uiOnly" : false,
      "displayOrdinal" : 2147483647,
      "multiline" : false,
      "name" : "rcp",
      "multichoice" : false
    }, {
      "hidden" : false,
      "masked" : false,
      "values" : [ {
        "label" : "General",
        "value" : "general"
      }, {
        "label" : "Select statement",
        "value" : "select"
      } ],
      "description" : "The method for reading records from the table",
      "displayGroup" : "generalSource",
      "default_value" : "general",
      "label" : "Read method",
      "type" : "enum",
      "required" : false,
      "user_defined" : false,
      "readonly" : false,
      "uiOnly" : false,
      "displayOrdinal" : 5,
      "multiline" : false,
      "name" : "read_mode",
      "multichoice" : false
    }, {
      "hidden" : true,
      "masked" : false,
      "description" : "Inferred property that returns filters as Spark SQL that could not be pushed to the data source and still need to be evaluated",
      "displayGroup" : "other",
      "label" : "Rejected filters",
      "type" : "string",
      "required" : false,
      "user_defined" : false,
      "readonly" : false,
      "uiOnly" : false,
      "displayOrdinal" : 2147483647,
      "multiline" : false,
      "name" : "rejected_filters",
      "multichoice" : false
    }, {
      "hidden" : false,
      "masked" : false,
      "description" : "The maximum number of rows to return",
      "displayGroup" : "limitsSource",
      "label" : "Row limit",
      "type" : "integer",
      "required" : false,
      "user_defined" : false,
      "readonly" : false,
      "uiOnly" : false,
      "displayOrdinal" : 10,
      "multiline" : false,
      "name" : "row_limit",
      "multichoice" : false,
      "placeholder" : "1000"
    }, {
      "hidden" : false,
      "masked" : false,
      "description" : "Percentage for each row or block to be included in the sample",
      "displayGroup" : "sampling",
      "label" : "Sampling percentage",
      "type" : "string",
      "required" : false,
      "user_defined" : false,
      "readonly" : false,
      "uiOnly" : false,
      "displayOrdinal" : 20,
      "multiline" : false,
      "name" : "sampling_percentage",
      "multichoice" : false
    }, {
      "hidden" : false,
      "masked" : false,
      "description" : "Seed to be used for getting a repeatable sample",
      "displayGroup" : "sampling",
      "label" : "Sampling seed",
      "type" : "integer",
      "required" : false,
      "user_defined" : false,
      "readonly" : false,
      "uiOnly" : false,
      "displayOrdinal" : 30,
      "multiline" : false,
      "name" : "sampling_seed",
      "multichoice" : false
    }, {
      "hidden" : false,
      "masked" : false,
      "values" : [ {
        "label" : "Block level sampling",
        "value" : "block"
      }, {
        "label" : "None",
        "value" : "none"
      }, {
        "label" : "Row level sampling",
        "value" : "row"
      } ],
      "description" : "Indicates which data sampling type should be used in the select statement",
      "displayGroup" : "sampling",
      "default_value" : "none",
      "label" : "Sampling type",
      "type" : "enum",
      "required" : false,
      "user_defined" : false,
      "readonly" : false,
      "uiOnly" : false,
      "displayOrdinal" : 10,
      "multiline" : false,
      "name" : "sampling_type",
      "multichoice" : false
    }, {
      "hidden" : false,
      "masked" : false,
      "description" : "The name of the schema that contains the table to read from",
      "displayGroup" : "generalSource",
      "label" : "Schema name",
      "type" : "string",
      "required" : false,
      "user_defined" : false,
      "readonly" : false,
      "uiOnly" : false,
      "displayOrdinal" : 50,
      "multiline" : false,
      "name" : "schema_name",
      "multichoice" : false
    }, {
      "hidden" : false,
      "masked" : false,
      "description" : "The SQL SELECT statement for retrieving data from the table",
      "displayGroup" : "sqlSource",
      "label" : "Select statement",
      "type" : "string",
      "required" : true,
      "user_defined" : false,
      "readonly" : false,
      "uiOnly" : false,
      "displayOrdinal" : 50,
      "multiline" : true,
      "name" : "select_statement",
      "multichoice" : false
    }, {
      "hidden" : false,
      "masked" : false,
      "description" : "The name of the table to read from",
      "displayGroup" : "generalSource",
      "label" : "Table name",
      "type" : "string",
      "required" : true,
      "user_defined" : false,
      "readonly" : false,
      "uiOnly" : false,
      "displayOrdinal" : 70,
      "multiline" : false,
      "name" : "table_name",
      "multichoice" : false
    } ],
    "target" : [ {
      "hidden" : false,
      "masked" : false,
      "description" : "Specify the maximum Java Virtual Machine heap size in megabytes.",
      "displayGroup" : "other",
      "default_value" : "256",
      "label" : "Heap size",
      "type" : "integer",
      "supported_products" : [ "datastage_scapi" ],
      "required" : false,
      "user_defined" : false,
      "readonly" : false,
      "uiOnly" : false,
      "displayOrdinal" : 2147483647,
      "multiline" : false,
      "name" : "_java._heap_size",
      "multichoice" : false
    }, {
      "hidden" : false,
      "masked" : false,
      "description" : "Number of records to be included in each batch",
      "displayGroup" : "other",
      "default_value" : "2000",
      "label" : "Batch size",
      "type" : "integer",
      "supported_products" : [ "datastage_scapi" ],
      "required" : false,
      "user_defined" : false,
      "readonly" : false,
      "uiOnly" : false,
      "displayOrdinal" : 2147483647,
      "multiline" : false,
      "name" : "batch_size",
      "multichoice" : false
    }, {
      "hidden" : false,
      "masked" : false,
      "description" : "Enter the SQL statement or the fully-qualified name of the file that contains the SQL statement to run once after all data is processed.",
      "displayGroup" : "before_after",
      "default_value" : "",
      "label" : "After SQL",
      "type" : "string",
      "supported_products" : [ "datastage_scapi" ],
      "required" : false,
      "user_defined" : false,
      "readonly" : false,
      "uiOnly" : false,
      "displayOrdinal" : 300,
      "multiline" : true,
      "name" : "before_after.after",
      "multichoice" : false
    }, {
      "hidden" : false,
      "masked" : false,
      "description" : "Abort the job if there is an error executing a command",
      "displayGroup" : "before_after",
      "default_value" : "true",
      "label" : "Fail on error After SQL",
      "type" : "boolean",
      "supported_products" : [ "datastage_scapi" ],
      "required" : false,
      "user_defined" : false,
      "readonly" : false,
      "uiOnly" : false,
      "displayOrdinal" : 400,
      "multiline" : false,
      "name" : "before_after.after.fail_on_error",
      "multichoice" : false
    }, {
      "hidden" : false,
      "masked" : false,
      "description" : "Enter the SQL statement or the fully-qualified name of the file that contains the SQL statement to run once one each node after all data is processed on that node.",
      "displayGroup" : "before_after",
      "default_value" : "",
      "label" : "After SQL (node)",
      "type" : "string",
      "supported_products" : [ "datastage_scapi" ],
      "required" : false,
      "user_defined" : false,
      "readonly" : false,
      "uiOnly" : false,
      "displayOrdinal" : 700,
      "multiline" : true,
      "name" : "before_after.after_node",
      "multichoice" : false
    }, {
      "hidden" : false,
      "masked" : false,
      "description" : "Abort the job if there is an error executing a command",
      "displayGroup" : "before_after",
      "default_value" : "true",
      "label" : "Fail on error After SQL (node)",
      "type" : "boolean",
      "supported_products" : [ "datastage_scapi" ],
      "required" : false,
      "user_defined" : false,
      "readonly" : false,
      "uiOnly" : false,
      "displayOrdinal" : 800,
      "multiline" : false,
      "name" : "before_after.after_node.fail_on_error",
      "multichoice" : false
    }, {
      "hidden" : false,
      "masked" : false,
      "description" : "Enter the SQL statement or the fully-qualified name of the file that contains the SQL statement to run once before any data is processed.",
      "displayGroup" : "before_after",
      "default_value" : "",
      "label" : "Before SQL",
      "type" : "string",
      "supported_products" : [ "datastage_scapi" ],
      "required" : false,
      "user_defined" : false,
      "readonly" : false,
      "uiOnly" : false,
      "displayOrdinal" : 100,
      "multiline" : true,
      "name" : "before_after.before",
      "multichoice" : false
    }, {
      "hidden" : false,
      "masked" : false,
      "description" : "Abort the job if there is an error executing a command",
      "displayGroup" : "before_after",
      "default_value" : "true",
      "label" : "Fail on error Before SQL",
      "type" : "boolean",
      "supported_products" : [ "datastage_scapi" ],
      "required" : false,
      "user_defined" : false,
      "readonly" : false,
      "uiOnly" : false,
      "displayOrdinal" : 200,
      "multiline" : false,
      "name" : "before_after.before.fail_on_error",
      "multichoice" : false
    }, {
      "hidden" : false,
      "masked" : false,
      "description" : "Enter the SQL statement or the fully-qualified name of the file that contains the SQL statement to run once on each node before any data is processed on that node.",
      "displayGroup" : "before_after",
      "default_value" : "",
      "label" : "Before SQL (node)",
      "type" : "string",
      "supported_products" : [ "datastage_scapi" ],
      "required" : false,
      "user_defined" : false,
      "readonly" : false,
      "uiOnly" : false,
      "displayOrdinal" : 500,
      "multiline" : true,
      "name" : "before_after.before_node",
      "multichoice" : false
    }, {
      "hidden" : false,
      "masked" : false,
      "description" : "Abort the job if there is an error executing a command",
      "displayGroup" : "before_after",
      "default_value" : "true",
      "label" : "Fail on error Before SQL (node)",
      "type" : "boolean",
      "supported_products" : [ "datastage_scapi" ],
      "required" : false,
      "user_defined" : false,
      "readonly" : false,
      "uiOnly" : false,
      "displayOrdinal" : 600,
      "multiline" : false,
      "name" : "before_after.before_node.fail_on_error",
      "multichoice" : false
    }, {
      "hidden" : false,
      "masked" : false,
      "description" : "The Create DDL statement for recreating the target table",
      "displayGroup" : "sqlTarget",
      "label" : "Create statement",
      "type" : "string",
      "required" : false,
      "user_defined" : false,
      "readonly" : false,
      "uiOnly" : false,
      "displayOrdinal" : 5,
      "multiline" : true,
      "name" : "create_statement",
      "multichoice" : false
    }, {
      "hidden" : true,
      "masked" : false,
      "values" : [ {
        "label" : "Append",
        "value" : "append"
      }, {
        "label" : "Merge",
        "value" : "merge"
      }, {
        "label" : "Replace",
        "value" : "replace"
      }, {
        "label" : "Truncate",
        "value" : "truncate"
      }, {
        "label" : "Updated",
        "value" : "update"
      } ],
      "description" : "The action to take on the target table, if it already exists, to handle the existing and new data sets",
      "displayGroup" : "other",
      "default_value" : "append",
      "label" : "Table action",
      "type" : "enum",
      "required" : false,
      "user_defined" : false,
      "readonly" : false,
      "uiOnly" : false,
      "displayOrdinal" : 2147483647,
      "multiline" : false,
      "name" : "existing_table_action",
      "multichoice" : false
    }, {
      "hidden" : false,
      "masked" : false,
      "description" : "A comma separated list of column names to override the primary key used during an update or merge",
      "displayGroup" : "generalTarget",
      "label" : "Key column names",
      "type" : "string",
      "required" : false,
      "user_defined" : false,
      "readonly" : false,
      "uiOnly" : false,
      "displayOrdinal" : 60,
      "multiline" : false,
      "name" : "key_column_names",
      "multichoice" : false
    }, {
      "hidden" : false,
      "masked" : false,
      "description" : "The name of the schema that contains the table to write to",
      "displayGroup" : "generalTarget",
      "label" : "Schema name",
      "type" : "string",
      "required" : false,
      "user_defined" : false,
      "readonly" : false,
      "uiOnly" : false,
      "displayOrdinal" : 30,
      "multiline" : false,
      "name" : "schema_name",
      "multichoice" : false
    }, {
      "hidden" : false,
      "masked" : false,
      "description" : "The SQL used for setup operations, for example a CREATE statement",
      "displayGroup" : "sqlTarget",
      "label" : "Static statement",
      "type" : "string",
      "required" : true,
      "user_defined" : false,
      "readonly" : false,
      "uiOnly" : false,
      "displayOrdinal" : 20,
      "multiline" : true,
      "name" : "static_statement",
      "multichoice" : false
    }, {
      "hidden" : false,
      "masked" : false,
      "values" : [ {
        "label" : "Append",
        "value" : "append"
      }, {
        "label" : "Replace",
        "value" : "replace"
      }, {
        "label" : "Truncate",
        "value" : "truncate"
      } ],
      "description" : "The action to take on the target table to handle the new data set",
      "displayGroup" : "generalTarget",
      "default_value" : "append",
      "label" : "Table action",
      "type" : "enum",
      "required" : false,
      "user_defined" : false,
      "readonly" : false,
      "uiOnly" : false,
      "displayOrdinal" : 50,
      "multiline" : false,
      "name" : "table_action",
      "multichoice" : false
    }, {
      "hidden" : false,
      "masked" : false,
      "description" : "The name of the table to write to",
      "displayGroup" : "generalTarget",
      "label" : "Table name",
      "type" : "string",
      "required" : false,
      "user_defined" : false,
      "readonly" : false,
      "uiOnly" : false,
      "displayOrdinal" : 40,
      "multiline" : false,
      "name" : "table_name",
      "multichoice" : false
    }, {
      "hidden" : false,
      "masked" : false,
      "description" : "The SQL INSERT, UPDATE, MERGE, or DELETE statement for updating data in the table.",
      "displayGroup" : "sqlTarget",
      "label" : "Update statement",
      "type" : "string",
      "required" : false,
      "user_defined" : false,
      "readonly" : false,
      "uiOnly" : false,
      "displayOrdinal" : 10,
      "multiline" : true,
      "name" : "update_statement",
      "multichoice" : false
    }, {
      "hidden" : false,
      "masked" : false,
      "values" : [ {
        "label" : "Insert",
        "value" : "insert"
      }, {
        "label" : "Merge",
        "value" : "merge"
      }, {
        "label" : "Static statement",
        "value" : "static_statement",
        "supported_products" : [ "catalog", "cde", "cdeonprem", "cpd", "dashboards", "dashboardsonprem", "dqr", "dv", "dvaas_ga", "manta", "mde", "mdi", "ml", "replication", "studio" ]
      }, {
        "label" : "Update",
        "value" : "update"
      }, {
        "label" : "Update statement",
        "value" : "update_statement",
        "supported_products" : [ "catalog", "cde", "cdeonprem", "cpd", "dashboards", "dashboardsonprem", "datastage", "datastage_scapi", "dqr", "dv", "dvaas_ga", "manta", "mde", "mdi", "ml", "replication", "studio" ]
      }, {
        "label" : "Update statement with table action",
        "value" : "update_statement_table_action",
        "supported_products" : [ "catalog", "cde", "cdeonprem", "cpd", "dashboards", "dashboardsonprem", "datastage", "datastage_scapi", "dqr", "dv", "dvaas_ga", "manta", "mde", "mdi", "ml", "replication", "studio" ]
      } ],
      "description" : "The mode for writing records to the target table",
      "displayGroup" : "generalTarget",
      "default_value" : "insert",
      "label" : "Write mode",
      "type" : "enum",
      "required" : false,
      "user_defined" : false,
      "readonly" : false,
      "uiOnly" : false,
      "displayOrdinal" : 10,
      "multiline" : false,
      "name" : "write_mode",
      "multichoice" : false
    } ]
  },
  "datasource_type" : "e1c23729-99d8-4407-b3df-336e33ffdc82",
  "name" : "PostGreDB",
  "rov" : {
    "mode" : 0
  },
  "ref_asset_id" : "567b3009-2302-4ca5-b1b9-c84cb06cbf32",
  "properties" : {
    "database" : "postgres",
    "password" : "ibmAdm1n",
    "port" : "5432",
    "query_timeout" : "300",
    "host" : "169.60.148.140",
    "ssl" : "false",
    "username" : "postgres"
  },
  "origin_country" : "us",
  "tags" : [ "reference" ]
}