{
  "primary_pipeline" : "64b296d3-d435-4049-9b0b-2cef2fed1ea7",
  "pipelines" : [ {
    "nodes" : [ {
      "outputs" : [ {
        "id" : "3b237373-2567-40a3-a80b-704d41501d31",
        "app_data" : {
          "datastage" : {
            "is_source_of_link" : "2d7defbd-7959-41d2-b0cc-050037a460eb"
          },
          "ui_data" : {
            "label" : "outPort",
            "cardinality" : {
              "min" : 1,
              "max" : 1
            }
          }
        },
        "schema_ref" : "5aa9ea1f-61a7-46e8-9e52-a8b72692a73d",
        "parameters" : {
          "outputName" : "Link_3",
          "buf_mode" : "default"
        }
      } ],
      "op" : "PxJoin",
      "inputs" : [ {
        "links" : [ {
          "node_id_ref" : "b5871adc-567b-41ce-8c22-44b9198f54c1",
          "type_attr" : "PRIMARY",
          "id" : "412e9449-76a4-46b2-933a-89542dff3580",
          "app_data" : {
            "datastage" : { },
            "ui_data" : {
              "decorations" : [ {
                "image" : "/data-intg/flows/graphics/flows/link-output-handle--default-selected.svg",
                "temporary" : false,
                "outline" : false,
                "distance" : 0,
                "x_pos" : -10,
                "id" : "dec-3",
                "position" : "source",
                "y_pos" : -10,
                "class_name" : "linkStartImage"
              }, {
                "path" : "M -15 -15 L -15 15 15 15 15 -15 Z",
                "temporary" : false,
                "distance" : -50,
                "tooltip" : "Auto-partition",
                "x_pos" : 5,
                "id" : "dec-4",
                "position" : "target"
              }, {
                "image" : "/data-intg/flows/graphics/flows/link-marking--auto-partitioning.svg",
                "temporary" : false,
                "outline" : false,
                "distance" : -50,
                "width" : 12,
                "tooltip" : "Auto-partition",
                "x_pos" : -2,
                "id" : "dec-5",
                "position" : "target",
                "y_pos" : -6,
                "height" : 12
              }, {
                "path" : "M -25 -20 L -25 20 25 20 25 -20 Z",
                "temporary" : false,
                "id" : "dec-7",
                "position" : "middle",
                "class_name" : "linkMiddleImage"
              }, {
                "temporary" : false,
                "label_allow_return_key" : "save",
                "label_single_line" : true,
                "width" : 100,
                "label_editable" : true,
                "x_pos" : -20,
                "id" : "dec-8",
                "position" : "middle",
                "label" : "Link_2",
                "y_pos" : -8,
                "height" : 80
              } ],
              "class_name" : "linkStyle__runMetricsLinkDefaultStyle___ixW31"
            }
          },
          "link_name" : "Link_2",
          "port_id_ref" : "feeecc23-83b7-4add-9a1c-4bdf1a767c63"
        } ],
        "id" : "58c50995-2806-41ee-b39c-69d97a1d5cef",
        "app_data" : {
          "ui_data" : {
            "label" : "inPort",
            "cardinality" : {
              "min" : 2,
              "max" : 2147483646
            }
          }
        },
        "schema_ref" : "f22445e8-97e4-4be9-963f-6e841b278fb6",
        "parameters" : {
          "runtime_column_propagation" : 0
        }
      }, {
        "links" : [ {
          "node_id_ref" : "e999dbbf-acf7-4e14-9261-200c40972307",
          "type_attr" : "PRIMARY",
          "id" : "1f148066-2811-4f57-af34-8b82e2deb147",
          "app_data" : {
            "datastage" : { },
            "ui_data" : {
              "decorations" : [ {
                "image" : "/data-intg/flows/graphics/flows/link-output-handle--default-selected.svg",
                "temporary" : false,
                "outline" : false,
                "distance" : 0,
                "x_pos" : -10,
                "id" : "dec-3",
                "position" : "source",
                "y_pos" : -10,
                "class_name" : "linkStartImage"
              }, {
                "path" : "M -15 -15 L -15 15 15 15 15 -15 Z",
                "temporary" : false,
                "distance" : -50,
                "tooltip" : "Auto-partition",
                "x_pos" : 5,
                "id" : "dec-4",
                "position" : "target"
              }, {
                "image" : "/data-intg/flows/graphics/flows/link-marking--auto-partitioning.svg",
                "temporary" : false,
                "outline" : false,
                "distance" : -50,
                "width" : 12,
                "tooltip" : "Auto-partition",
                "x_pos" : -2,
                "id" : "dec-5",
                "position" : "target",
                "y_pos" : -6,
                "height" : 12
              }, {
                "path" : "M -25 -20 L -25 20 25 20 25 -20 Z",
                "temporary" : false,
                "id" : "dec-7",
                "position" : "middle",
                "class_name" : "linkMiddleImage"
              }, {
                "temporary" : false,
                "label_allow_return_key" : "save",
                "label_single_line" : true,
                "width" : 100,
                "label_editable" : true,
                "x_pos" : -20,
                "id" : "dec-8",
                "position" : "middle",
                "label" : "Link_5",
                "y_pos" : -8,
                "height" : 80
              } ],
              "class_name" : "linkStyle__runMetricsLinkDefaultStyle___ixW31"
            }
          },
          "link_name" : "Link_5",
          "port_id_ref" : "f4563347-6855-42a7-bd46-4fd292ce58ac"
        } ],
        "id" : "ae903e86-44b1-4819-8753-afb1f0406fcc",
        "app_data" : {
          "ui_data" : {
            "label" : "inPort",
            "cardinality" : {
              "min" : 2,
              "max" : 2147483646
            }
          }
        },
        "schema_ref" : "cd764104-6e59-4a77-90ac-3ee12f624995",
        "parameters" : {
          "runtime_column_propagation" : 0
        }
      } ],
      "id" : "37f2cfdc-f62a-48b7-9c4b-31bcdb6d2386",
      "type" : "execution_node",
      "app_data" : {
        "datastage" : {
          "inputs_order" : "58c50995-2806-41ee-b39c-69d97a1d5cef|ae903e86-44b1-4819-8753-afb1f0406fcc",
          "outputs_order" : "3b237373-2567-40a3-a80b-704d41501d31"
        },
        "ui_data" : {
          "image" : "/data-intg/flows/graphics/palette/PxJoin.svg",
          "x_pos" : 689.0400000000001,
          "label" : "Join_1",
          "y_pos" : 190.08
        }
      },
      "parameters" : {
        "hideCaseSensitiveColumn" : true,
        "showPartType" : true,
        "keyProperties" : [ {
          "key" : "SECURITY"
        }, {
          "key" : "DEPOT_ID"
        } ],
        "showCollType" : false,
        "enableSchemalessDesign" : false,
        "preserve" : -3,
        "operator" : "innerjoin",
        "inputName" : "Link_2",
        "showSortOptions" : false,
        "combinability" : "auto",
        "inputcolProperties" : [ [ "PENDING_QUANTITY_SUM", false, "DOUBLE", true, false, "–", 0, true, " " ], [ "SECURITY", false, "VARCHAR", false, false, 50, 0, true, "" ], [ "DEPOT_ID", false, "NUMERIC", true, false, 16, 0, true, "" ] ],
        "OutputlinkOrderingList" : [ {
          "link_label" : "0",
          "link_name" : "Link_3"
        } ],
        "InputlinkOrderingList" : [ {
          "link_label" : "Left",
          "link_name" : "Link_2"
        }, {
          "link_label" : "Right",
          "link_name" : "Link_5"
        } ],
        "output_count" : 1,
        "execmode" : "default_par",
        "input_count" : 2
      }
    }, {
      "outputs" : [ {
        "id" : "f4563347-6855-42a7-bd46-4fd292ce58ac",
        "app_data" : {
          "datastage" : {
            "is_source_of_link" : "1f148066-2811-4f57-af34-8b82e2deb147"
          },
          "ui_data" : {
            "label" : "outPort",
            "cardinality" : {
              "min" : 1,
              "max" : 1
            }
          }
        },
        "schema_ref" : "cd764104-6e59-4a77-90ac-3ee12f624995",
        "parameters" : {
          "valueDerivation" : [ {
            "parsedExpression" : "Sum(Link_1.QTY)",
            "columnName" : "QTY_SUM",
            "sourceColumn" : "Link_1.QTY_SUM"
          }, {
            "parsedExpression" : "Sum(Link_1.SEG_QTY)",
            "columnName" : "SEG_QTY_SUM",
            "sourceColumn" : "Link_1.SEG_QTY_SUM"
          } ],
          "buf_mode" : "default"
        }
      } ],
      "op" : "PxAggregator",
      "inputs" : [ {
        "links" : [ {
          "node_id_ref" : "7d7df774-2162-4044-8083-c9ae4b85b170",
          "type_attr" : "PRIMARY",
          "id" : "bdc1da14-56ef-424f-a5e0-fd86c9dba15d",
          "app_data" : {
            "datastage" : { },
            "ui_data" : {
              "decorations" : [ {
                "image" : "/data-intg/flows/graphics/flows/link-output-handle--default-selected.svg",
                "temporary" : false,
                "outline" : false,
                "distance" : 0,
                "x_pos" : -10,
                "id" : "dec-3",
                "position" : "source",
                "y_pos" : -10,
                "class_name" : "linkStartImage"
              }, {
                "path" : "M -15 -15 L -15 15 15 15 15 -15 Z",
                "temporary" : false,
                "distance" : -50,
                "tooltip" : "Auto-partition",
                "x_pos" : 5,
                "id" : "dec-4",
                "position" : "target"
              }, {
                "image" : "/data-intg/flows/graphics/flows/link-marking--auto-partitioning.svg",
                "temporary" : false,
                "outline" : false,
                "distance" : -50,
                "width" : 12,
                "tooltip" : "Auto-partition",
                "x_pos" : -2,
                "id" : "dec-5",
                "position" : "target",
                "y_pos" : -6,
                "height" : 12
              }, {
                "path" : "M -25 -20 L -25 20 25 20 25 -20 Z",
                "temporary" : false,
                "id" : "dec-7",
                "position" : "middle",
                "class_name" : "linkMiddleImage"
              }, {
                "temporary" : false,
                "label_allow_return_key" : "save",
                "label_single_line" : true,
                "width" : 100,
                "label_editable" : true,
                "x_pos" : -20,
                "id" : "dec-8",
                "position" : "middle",
                "label" : "Link_1",
                "y_pos" : -8,
                "height" : 80
              } ],
              "class_name" : "linkStyle__runMetricsLinkDefaultStyle___ixW31"
            }
          },
          "link_name" : "Link_1",
          "port_id_ref" : "861cf122-16e5-403b-afa7-d56bd40f2a7f"
        } ],
        "id" : "f093c076-a1e6-48ef-b745-31505e9986c6",
        "app_data" : {
          "ui_data" : {
            "label" : "inPort",
            "cardinality" : {
              "min" : 1,
              "max" : 1
            }
          }
        },
        "schema_ref" : "adc15a23-3074-4925-924d-e4c7760669b2",
        "parameters" : {
          "runtime_column_propagation" : 0
        }
      } ],
      "id" : "e999dbbf-acf7-4e14-9261-200c40972307",
      "type" : "execution_node",
      "app_data" : {
        "ui_data" : {
          "image" : "/data-intg/flows/graphics/palette/PxAggregator.svg",
          "x_pos" : 380.16,
          "label" : "Aggregator_1",
          "y_pos" : 356.40000000000003
        }
      },
      "parameters" : {
        "showPartType" : true,
        "keyProperties" : [ {
          "ci-cs" : "ci",
          "key" : "SECURITY"
        }, {
          "key" : "DEPOT_ID"
        } ],
        "method" : "hash",
        "showCollType" : false,
        "enableSchemalessDesign" : false,
        "preserve" : -2,
        "reduceProperties" : [ [ {
          "reduce" : "QTY"
        }, {
          "sum" : "QTY_SUM",
          "decimal" : ""
        } ], [ {
          "reduce" : "SEG_QTY"
        }, {
          "sum" : "SEG_QTY_SUM",
          "decimal" : ""
        } ] ],
        "inputName" : "Link_1",
        "showSortOptions" : false,
        "combinability" : "auto",
        "inputcolProperties" : [ [ "SECURITY", false, "VARCHAR", false, false, 12, 0, true, " " ], [ "DEPOT_ID", false, "SMALLINT", true, false, "–", 0, true, " " ], [ "QTY", false, "SMALLINT", true, false, "–", 0, true, " " ], [ "SEG_QTY", false, "SMALLINT", true, false, "–", 0, true, " " ] ],
        "selection" : "reduce",
        "nul_res" : " ",
        "output_count" : 1,
        "execmode" : "default_par",
        "input_count" : 1
      }
    }, {
      "op" : "postgresql",
      "inputs" : [ {
        "links" : [ {
          "node_id_ref" : "37f2cfdc-f62a-48b7-9c4b-31bcdb6d2386",
          "type_attr" : "PRIMARY",
          "id" : "2d7defbd-7959-41d2-b0cc-050037a460eb",
          "app_data" : {
            "datastage" : { },
            "ui_data" : {
              "decorations" : [ {
                "image" : "/data-intg/flows/graphics/flows/link-output-handle--default-selected.svg",
                "temporary" : false,
                "outline" : false,
                "distance" : 0,
                "x_pos" : -10,
                "id" : "dec-3",
                "position" : "source",
                "y_pos" : -10,
                "class_name" : "linkStartImage"
              }, {
                "path" : "M -15 -15 L -15 15 15 15 15 -15 Z",
                "temporary" : false,
                "distance" : -50,
                "tooltip" : "Auto-partition",
                "x_pos" : 5,
                "id" : "dec-4",
                "position" : "target"
              }, {
                "image" : "/data-intg/flows/graphics/flows/link-marking--auto-partitioning.svg",
                "temporary" : false,
                "outline" : false,
                "distance" : -50,
                "width" : 12,
                "tooltip" : "Auto-partition",
                "x_pos" : -2,
                "id" : "dec-5",
                "position" : "target",
                "y_pos" : -6,
                "height" : 12
              }, {
                "path" : "M -25 -20 L -25 20 25 20 25 -20 Z",
                "temporary" : false,
                "id" : "dec-7",
                "position" : "middle",
                "class_name" : "linkMiddleImage"
              }, {
                "temporary" : false,
                "label_allow_return_key" : "save",
                "label_single_line" : true,
                "width" : 100,
                "label_editable" : true,
                "x_pos" : -20,
                "id" : "dec-8",
                "position" : "middle",
                "label" : "Link_3",
                "y_pos" : -8,
                "height" : 80
              } ],
              "class_name" : "linkStyle__runMetricsLinkDefaultStyle___ixW31"
            }
          },
          "link_name" : "Link_3",
          "port_id_ref" : "3b237373-2567-40a3-a80b-704d41501d31"
        } ],
        "id" : "2e722dbf-4dc2-47fc-90c3-07938ca2db72",
        "app_data" : {
          "ui_data" : {
            "label" : "inPort",
            "cardinality" : {
              "min" : 0,
              "max" : 1
            }
          }
        },
        "schema_ref" : "5aa9ea1f-61a7-46e8-9e52-a8b72692a73d",
        "parameters" : {
          "runtime_column_propagation" : 0
        }
      } ],
      "connection" : {
        "ref" : "c599675e-7391-407e-9146-dc5f77cf3c6f",
        "project_ref" : "46265e90-ca9e-40c8-b610-7f633207a7c1",
        "name" : "PostGreDB",
        "properties" : {
          "_java._heap_size" : 256,
          "before_after.after_node" : "",
          "before_after.before_node.fail_on_error" : true,
          "db2InstanceSelect" : "use_db2InstanceEnv",
          "table_name" : "PRE_INV",
          "before_after.before" : "",
          "inputName" : "Link_3",
          "write_mode" : "insert",
          "node_number" : 0,
          "before_after.after" : "",
          "node_count" : 1,
          "table_action" : "replace",
          "registerDataAsset" : false,
          "showPartType" : true,
          "before_after.after_node.fail_on_error" : true,
          "batch_size" : 2000,
          "showCollType" : false,
          "before_after.before_node" : "",
          "part_type" : "auto",
          "schema_name" : "prime_brokerage",
          "isInputLink" : true,
          "showSortOptions" : false,
          "before_after.before.fail_on_error" : true,
          "db2NameSelect" : "use_db2NameEnv",
          "before_after.after.fail_on_error" : true
        }
      },
      "id" : "47a5a72d-f848-465d-9083-620e54afab8f",
      "type" : "binding",
      "app_data" : {
        "ui_data" : {
          "image" : "/data-intg/flows/graphics/palette/postgresql.svg",
          "x_pos" : 1021.6800000000001,
          "label" : "PostgreSQL_1",
          "y_pos" : 190.08
        }
      },
      "parameters" : {
        "combinability" : "auto",
        "inputcolProperties" : [ {
          "Unicode" : false,
          "TempOldColumnName" : "SECURITY",
          "ColumnName" : "SECURITY",
          "Description" : "",
          "Length" : 50,
          "Signed" : false,
          "Metadata" : "VARCHAR(50), Null",
          "DataType" : "VARCHAR",
          "Scale" : 0,
          "Key" : false,
          "Nullable" : true,
          "OldColumnName" : "SECURITY"
        }, {
          "Unicode" : false,
          "TempOldColumnName" : "DEPOT_ID",
          "ColumnName" : "DEPOT_ID",
          "Description" : "",
          "Length" : 16,
          "Signed" : true,
          "Metadata" : "NUMERIC(16), Null",
          "DataType" : "NUMERIC",
          "Scale" : 0,
          "Key" : false,
          "Nullable" : true,
          "OldColumnName" : "DEPOT_ID"
        }, {
          "Unicode" : false,
          "TempOldColumnName" : "PENDING_QUANTITY_SUM",
          "ColumnName" : "PENDING_QUANTITY_SUM",
          "Description" : " ",
          "Length" : "–",
          "Signed" : true,
          "Metadata" : "DOUBLE, Null",
          "DataType" : "DOUBLE",
          "Scale" : 0,
          "Key" : false,
          "Nullable" : true,
          "OldColumnName" : "PENDING_QUANTITY_SUM"
        }, {
          "Unicode" : false,
          "TempOldColumnName" : "QTY_SUM",
          "ColumnName" : "QTY_SUM",
          "Description" : " ",
          "Length" : "–",
          "Signed" : false,
          "Metadata" : "DOUBLE, Null",
          "DataType" : "DOUBLE",
          "Scale" : 0,
          "Key" : false,
          "Nullable" : true,
          "OldColumnName" : "QTY_SUM"
        }, {
          "Unicode" : false,
          "TempOldColumnName" : "SEG_QTY_SUM",
          "ColumnName" : "SEG_QTY_SUM",
          "Description" : " ",
          "Length" : "–",
          "Signed" : false,
          "Metadata" : "DOUBLE, Null",
          "DataType" : "DOUBLE",
          "Scale" : 0,
          "Key" : false,
          "Nullable" : true,
          "OldColumnName" : "SEG_QTY_SUM"
        } ],
        "output_count" : 0,
        "input_count" : 1,
        "execmode" : "default_par"
      }
    }, {
      "outputs" : [ {
        "id" : "5bf8cf62-6210-4ffc-8fe0-9157574a00b4",
        "app_data" : {
          "datastage" : {
            "is_source_of_link" : "445771c3-04ab-4eec-82cb-e4683d22af14"
          },
          "ui_data" : {
            "label" : "outPort",
            "cardinality" : {
              "min" : 0,
              "max" : 1
            }
          }
        },
        "schema_ref" : "6f8a3c75-79b1-4522-90f3-f0c5becc510b",
        "parameters" : {
          "buf_mode" : "default"
        }
      } ],
      "op" : "postgresql",
      "connection" : {
        "ref" : "c599675e-7391-407e-9146-dc5f77cf3c6f",
        "project_ref" : "46265e90-ca9e-40c8-b610-7f633207a7c1",
        "name" : "PostGreDB",
        "properties" : {
          "_java._heap_size" : 256,
          "before_after.after_node" : "",
          "before_after.before_node.fail_on_error" : true,
          "before_after.after_node.fail_on_error" : true,
          "before_after.before_node" : "",
          "enableSchemalessDesign" : false,
          "schema_name" : "prime_brokerage",
          "table_name" : "PRE_INV",
          "before_after.before" : "",
          "before_after.before.fail_on_error" : true,
          "node_number" : 0,
          "read_mode" : "general",
          "decimal_rounding_mode" : "floor",
          "default_max_string_binary_precision" : 20000,
          "generate_unicode_columns" : false,
          "before_after.after" : "",
          "sampling_type" : "none",
          "node_count" : 1,
          "before_after.after.fail_on_error" : true
        }
      },
      "id" : "dd43dfa3-95b7-4e47-adce-fef61e50cafc",
      "type" : "binding",
      "app_data" : {
        "ui_data" : {
          "image" : "/data-intg/flows/graphics/palette/postgresql.svg",
          "x_pos" : 47.52,
          "label" : "PRE_INVENTORY_1",
          "y_pos" : 641.5200000000001
        }
      },
      "parameters" : {
        "combinability" : "auto",
        "output_count" : 1,
        "input_count" : 0,
        "execmode" : "default_par",
        "preserve" : -3
      }
    }, {
      "outputs" : [ {
        "id" : "b66ea6ec-b840-4566-bb4e-fdcd1e04cbe4",
        "app_data" : {
          "datastage" : {
            "is_source_of_link" : "b24739bb-dc7c-4e3f-918f-d7c4f8ab36ac"
          },
          "ui_data" : {
            "label" : "outPort",
            "cardinality" : {
              "min" : 1,
              "max" : 2147483647
            }
          }
        },
        "schema_ref" : "c9cec364-e2c6-4555-a555-c75ebc4e4150",
        "parameters" : {
          "outputName" : "Link_22",
          "valueDerivation" : [ {
            "parsedExpression" : "Link_19.QTY_SUM-Link_19.SEG_QTY_SUM",
            "columnName" : "AVAILABLE_QTY"
          } ],
          "buf_mode" : "default",
          "buf_free_run" : 50,
          "queue_upper_size" : 0,
          "SortOrderPreserved" : true,
          "max_mem_buf_size" : 3145728,
          "disk_write_inc" : 1048576
        }
      } ],
      "op" : "CTransformerStage",
      "inputs" : [ {
        "links" : [ {
          "node_id_ref" : "dd43dfa3-95b7-4e47-adce-fef61e50cafc",
          "type_attr" : "PRIMARY",
          "id" : "445771c3-04ab-4eec-82cb-e4683d22af14",
          "app_data" : {
            "datastage" : { },
            "ui_data" : {
              "decorations" : [ {
                "image" : "/data-intg/flows/graphics/flows/link-output-handle--default-selected.svg",
                "temporary" : false,
                "outline" : false,
                "distance" : 0,
                "x_pos" : -10,
                "id" : "dec-3",
                "position" : "source",
                "y_pos" : -10,
                "class_name" : "linkStartImage"
              }, {
                "path" : "M -15 -15 L -15 15 15 15 15 -15 Z",
                "temporary" : false,
                "distance" : -50,
                "tooltip" : "Auto-partition",
                "x_pos" : 5,
                "id" : "dec-4",
                "position" : "target"
              }, {
                "image" : "/data-intg/flows/graphics/flows/link-marking--auto-partitioning.svg",
                "temporary" : false,
                "outline" : false,
                "distance" : -50,
                "width" : 12,
                "tooltip" : "Auto-partition",
                "x_pos" : -2,
                "id" : "dec-5",
                "position" : "target",
                "y_pos" : -6,
                "height" : 12
              }, {
                "path" : "M -25 -20 L -25 20 25 20 25 -20 Z",
                "temporary" : false,
                "id" : "dec-7",
                "position" : "middle",
                "class_name" : "linkMiddleImage"
              }, {
                "temporary" : false,
                "label_allow_return_key" : "save",
                "label_single_line" : true,
                "width" : 100,
                "label_editable" : true,
                "x_pos" : -20,
                "id" : "dec-8",
                "position" : "middle",
                "label" : "Link_19",
                "y_pos" : -8,
                "height" : 80
              } ],
              "class_name" : "linkStyle__runMetricsLinkDefaultStyle___ixW31"
            }
          },
          "link_name" : "Link_19",
          "port_id_ref" : "5bf8cf62-6210-4ffc-8fe0-9157574a00b4"
        } ],
        "id" : "fa73a1c5-926d-4268-8740-0da065c9404a",
        "app_data" : {
          "ui_data" : {
            "label" : "inPort",
            "cardinality" : {
              "min" : 1,
              "max" : 1
            }
          }
        },
        "schema_ref" : "6f8a3c75-79b1-4522-90f3-f0c5becc510b",
        "parameters" : {
          "keyColsPart" : [ ],
          "runtime_column_propagation" : 0
        }
      } ],
      "id" : "1346ff06-1516-4483-9856-0cc9ade50cf9",
      "type" : "execution_node",
      "app_data" : {
        "datastage" : {
          "inputs_order" : "fa73a1c5-926d-4268-8740-0da065c9404a",
          "outputs_order" : "b66ea6ec-b840-4566-bb4e-fdcd1e04cbe4"
        },
        "ui_data" : {
          "image" : "/data-intg/flows/graphics/palette/CTransformerStage.svg",
          "x_pos" : 380.16,
          "label" : "Transformer_3",
          "y_pos" : 641.5200000000001
        }
      },
      "parameters" : {
        "combinability" : "auto",
        "OutputlinkOrderingList" : [ ],
        "InputlinkOrderingList" : [ {
          "link_label" : "0",
          "link_name" : "Link_19"
        } ],
        "output_count" : 1,
        "BlockSizeSelectedType" : "systemSelected",
        "StageVariables" : [ ],
        "input_count" : 1,
        "execmode" : "default_par",
        "Triggers" : [ ],
        "preserve" : -3,
        "LoopVariables" : [ ],
        "SKKeySourceType" : "file"
      }
    }, {
      "op" : "PxSequentialFile",
      "inputs" : [ {
        "links" : [ {
          "node_id_ref" : "1346ff06-1516-4483-9856-0cc9ade50cf9",
          "type_attr" : "PRIMARY",
          "id" : "b24739bb-dc7c-4e3f-918f-d7c4f8ab36ac",
          "app_data" : {
            "datastage" : { },
            "ui_data" : {
              "decorations" : [ {
                "image" : "/data-intg/flows/graphics/flows/link-output-handle--default-selected.svg",
                "temporary" : false,
                "outline" : false,
                "distance" : 0,
                "x_pos" : -10,
                "id" : "dec-3",
                "position" : "source",
                "y_pos" : -10,
                "class_name" : "linkStartImage"
              }, {
                "path" : "M -15 -15 L -15 15 15 15 15 -15 Z",
                "temporary" : false,
                "distance" : -50,
                "tooltip" : "Collection",
                "x_pos" : 5,
                "id" : "dec-4",
                "position" : "target"
              }, {
                "image" : "/data-intg/flows/graphics/flows/link-marking--collection.svg",
                "temporary" : false,
                "outline" : false,
                "distance" : -50,
                "width" : 12,
                "tooltip" : "Collection",
                "x_pos" : -2,
                "id" : "dec-5",
                "position" : "target",
                "y_pos" : -6,
                "height" : 12
              }, {
                "path" : "M -25 -20 L -25 20 25 20 25 -20 Z",
                "temporary" : false,
                "id" : "dec-7",
                "position" : "middle",
                "class_name" : "linkMiddleImage"
              }, {
                "temporary" : false,
                "label_allow_return_key" : "save",
                "label_single_line" : true,
                "width" : 100,
                "label_editable" : true,
                "x_pos" : -20,
                "id" : "dec-8",
                "position" : "middle",
                "label" : "Link_23",
                "y_pos" : -8,
                "height" : 80
              } ],
              "class_name" : "linkStyle__runMetricsLinkDefaultStyle___ixW31"
            }
          },
          "link_name" : "Link_23",
          "port_id_ref" : "b66ea6ec-b840-4566-bb4e-fdcd1e04cbe4"
        } ],
        "id" : "c3432d9c-3793-4e34-9957-84b47f65dfc2",
        "app_data" : {
          "ui_data" : {
            "label" : "inPort",
            "cardinality" : {
              "min" : 0,
              "max" : 1
            }
          }
        },
        "schema_ref" : "c9cec364-e2c6-4555-a555-c75ebc4e4150",
        "parameters" : {
          "final_delim" : "end",
          "showPartType" : false,
          "null_field_sep_flag" : false,
          "null_field" : "'NULL'",
          "firstLineColumnNames" : " ",
          "showCollType" : true,
          "inputName" : "Link_23",
          "showSortOptions" : false,
          "append-overwrite" : "overwrite",
          "rejects" : "continue",
          "file" : [ "TESTFILE" ],
          "quote" : "double",
          "writemethod" : " ",
          "nocleanup" : " ",
          "registerDataAsset" : false,
          "delim" : "','"
        }
      } ],
      "id" : "44181ac5-e8a8-4b27-94d7-2400e5e44b96",
      "type" : "binding",
      "app_data" : {
        "ui_data" : {
          "image" : "/data-intg/flows/graphics/palette/PxSequentialFile.svg",
          "x_pos" : 689.0400000000001,
          "label" : "Sequential_file_1",
          "y_pos" : 641.5200000000001
        }
      },
      "parameters" : {
        "combinability" : "auto",
        "output_count" : 0,
        "nls_map_name" : "UTF-8",
        "input_count" : 1,
        "execmode" : "default_seq"
      }
    }, {
      "outputs" : [ {
        "id" : "feeecc23-83b7-4add-9a1c-4bdf1a767c63",
        "app_data" : {
          "datastage" : {
            "is_source_of_link" : "412e9449-76a4-46b2-933a-89542dff3580"
          },
          "ui_data" : {
            "label" : "outPort",
            "cardinality" : {
              "min" : 0,
              "max" : 1
            }
          }
        },
        "schema_ref" : "f22445e8-97e4-4be9-963f-6e841b278fb6",
        "parameters" : {
          "buf_mode" : "default"
        }
      } ],
      "op" : "postgresql",
      "connection" : {
        "ref" : "c599675e-7391-407e-9146-dc5f77cf3c6f",
        "project_ref" : "46265e90-ca9e-40c8-b610-7f633207a7c1",
        "name" : "PostGreDB",
        "properties" : {
          "_java._heap_size" : 256,
          "before_after.after_node" : "",
          "before_after.before_node.fail_on_error" : true,
          "before_after.after_node.fail_on_error" : true,
          "before_after.before_node" : "",
          "enableSchemalessDesign" : false,
          "schema_name" : "prime_brokerage",
          "table_name" : "pending_trades_output",
          "before_after.before" : "",
          "before_after.before.fail_on_error" : true,
          "node_number" : 0,
          "read_mode" : "general",
          "decimal_rounding_mode" : "floor",
          "default_max_string_binary_precision" : 20000,
          "generate_unicode_columns" : false,
          "before_after.after" : "",
          "sampling_type" : "none",
          "node_count" : 1,
          "before_after.after.fail_on_error" : true
        }
      },
      "id" : "b5871adc-567b-41ce-8c22-44b9198f54c1",
      "type" : "binding",
      "app_data" : {
        "ui_data" : {
          "image" : "/data-intg/flows/graphics/palette/postgresql.svg",
          "x_pos" : 380.16,
          "label" : "pending_trades_output_2",
          "y_pos" : 71.28
        }
      },
      "parameters" : {
        "combinability" : "auto",
        "output_count" : 1,
        "input_count" : 0,
        "execmode" : "default_par",
        "preserve" : -3
      }
    }, {
      "outputs" : [ {
        "id" : "861cf122-16e5-403b-afa7-d56bd40f2a7f",
        "app_data" : {
          "datastage" : {
            "is_source_of_link" : "bdc1da14-56ef-424f-a5e0-fd86c9dba15d"
          },
          "ui_data" : {
            "label" : "outPort",
            "cardinality" : {
              "min" : 0,
              "max" : 1
            }
          }
        },
        "schema_ref" : "adc15a23-3074-4925-924d-e4c7760669b2",
        "parameters" : {
          "buf_mode" : "default"
        }
      } ],
      "op" : "db2cloud",
      "connection" : {
        "ref" : "e796673c-499a-40cf-8524-fb84986178a7",
        "project_ref" : "46265e90-ca9e-40c8-b610-7f633207a7c1",
        "fileData" : {
          "op" : "existing-asset",
          "fileName" : "",
          "stageName" : "db2cloud"
        },
        "connData" : {
          "op" : "existing-asset",
          "stageName" : "db2cloud",
          "connectionName" : "Db2OnCloud"
        },
        "properties" : {
          "outputName" : "Link_1",
          "read_mode" : "general",
          "valueDerivation" : [ ],
          "stageDescription" : "",
          "schema_name" : "RISKREPORT",
          "table_name" : "DEPOT_POSITION",
          "url" : ""
        },
        "name" : "Db2OnCloud"
      },
      "id" : "7d7df774-2162-4044-8083-c9ae4b85b170",
      "type" : "binding",
      "app_data" : {
        "ui_data" : {
          "image" : "/data-intg/flows/graphics/palette/db2cloud.svg",
          "x_pos" : 47.52,
          "label" : "DEPOT_POSITION_3",
          "y_pos" : 356.40000000000003
        }
      },
      "parameters" : {
        "output_count" : 1,
        "input_count" : 0,
        "outputcolProperties" : [ {
          "ColumnName" : "SECURITY",
          "Description" : " ",
          "Length" : 12,
          "Signed" : false,
          "Nullable_check" : true,
          "Metadata" : "VARCHAR(12), Null",
          "DataType" : "VARCHAR",
          "Scale" : 0,
          "Key" : false
        }, {
          "ColumnName" : "DEPOT_ID",
          "Description" : " ",
          "Length" : 5,
          "Signed" : true,
          "Nullable_check" : true,
          "Metadata" : "SMALLINT, Null",
          "DataType" : "SMALLINT",
          "Scale" : 0,
          "Key" : false
        }, {
          "ColumnName" : "QTY",
          "Description" : " ",
          "Length" : 5,
          "Signed" : true,
          "Nullable_check" : true,
          "Metadata" : "SMALLINT, Null",
          "DataType" : "SMALLINT",
          "Scale" : 0,
          "Key" : false
        }, {
          "ColumnName" : "SEG_QTY",
          "Description" : " ",
          "Length" : 5,
          "Signed" : true,
          "Nullable_check" : true,
          "Metadata" : "SMALLINT, Null",
          "DataType" : "SMALLINT",
          "Scale" : 0,
          "Key" : false
        } ]
      }
    } ],
    "description" : "",
    "id" : "64b296d3-d435-4049-9b0b-2cef2fed1ea7",
    "app_data" : {
      "ui_data" : {
        "comments" : [ ]
      }
    },
    "runtime_ref" : "pxOsh"
  } ],
  "external_paramsets" : [ ],
  "json_schema" : "https://api.dataplatform.ibm.com/schemas/common-pipeline/pipeline-flow/pipeline-flow-v3-schema.json",
  "schemas" : [ {
    "id" : "adc15a23-3074-4925-924d-e4c7760669b2",
    "fields" : [ {
      "metadata" : {
        "item_index" : 0,
        "is_key" : false,
        "min_length" : 0,
        "decimal_scale" : 0,
        "decimal_precision" : 0,
        "description" : " ",
        "source_field_id" : "SECURITY",
        "max_length" : 12,
        "is_signed" : false
      },
      "nullable" : true,
      "name" : "SECURITY",
      "type" : "string",
      "app_data" : {
        "odbc_type" : "VARCHAR",
        "is_unicode_string" : false,
        "type_code" : "STRING"
      }
    }, {
      "metadata" : {
        "item_index" : 0,
        "is_key" : false,
        "min_length" : 0,
        "decimal_scale" : 0,
        "decimal_precision" : 100,
        "description" : " ",
        "source_field_id" : "DEPOT_ID",
        "max_length" : 100,
        "is_signed" : false
      },
      "nullable" : true,
      "name" : "DEPOT_ID",
      "type" : "double",
      "app_data" : {
        "odbc_type" : "NUMERIC",
        "is_unicode_string" : false,
        "type_code" : "DECIMAL"
      }
    }, {
      "metadata" : {
        "item_index" : 0,
        "is_key" : false,
        "min_length" : 0,
        "decimal_scale" : 0,
        "decimal_precision" : 0,
        "description" : " ",
        "source_field_id" : "QTY",
        "max_length" : 5,
        "is_signed" : true
      },
      "nullable" : true,
      "name" : "QTY",
      "type" : "integer",
      "app_data" : {
        "odbc_type" : "SMALLINT",
        "is_unicode_string" : false,
        "type_code" : "INT16"
      }
    }, {
      "metadata" : {
        "item_index" : 0,
        "is_key" : false,
        "min_length" : 0,
        "decimal_scale" : 0,
        "decimal_precision" : 0,
        "description" : " ",
        "source_field_id" : "SEG_QTY",
        "max_length" : 5,
        "is_signed" : true
      },
      "nullable" : true,
      "name" : "SEG_QTY",
      "type" : "integer",
      "app_data" : {
        "odbc_type" : "SMALLINT",
        "is_unicode_string" : false,
        "type_code" : "INT16"
      }
    } ]
  }, {
    "id" : "f22445e8-97e4-4be9-963f-6e841b278fb6",
    "fields" : [ {
      "metadata" : {
        "item_index" : 0,
        "is_key" : false,
        "min_length" : 0,
        "decimal_scale" : 0,
        "decimal_precision" : 0,
        "description" : " ",
        "source_field_id" : "PENDING_QUANTITY_SUM",
        "max_length" : 15,
        "is_signed" : true
      },
      "nullable" : true,
      "name" : "PENDING_QUANTITY_SUM",
      "type" : "double",
      "app_data" : {
        "odbc_type" : "DOUBLE",
        "is_unicode_string" : false,
        "type_code" : "DFLOAT"
      }
    }, {
      "metadata" : {
        "item_index" : 0,
        "is_key" : false,
        "min_length" : 0,
        "decimal_scale" : 0,
        "decimal_precision" : 0,
        "description" : "",
        "source_field_id" : "SECURITY",
        "max_length" : 50,
        "is_signed" : false
      },
      "nullable" : true,
      "name" : "SECURITY",
      "app_data" : {
        "odbc_type" : "VARCHAR",
        "is_unicode_string" : false,
        "type_code" : "STRING"
      },
      "type" : "string"
    }, {
      "metadata" : {
        "item_index" : 0,
        "is_key" : false,
        "min_length" : 0,
        "decimal_scale" : 0,
        "decimal_precision" : 16,
        "description" : "",
        "source_field_id" : "DEPOT_ID",
        "max_length" : 16,
        "is_signed" : true
      },
      "nullable" : true,
      "name" : "DEPOT_ID",
      "app_data" : {
        "odbc_type" : "NUMERIC",
        "is_unicode_string" : false,
        "type_code" : "DECIMAL"
      },
      "type" : "double"
    } ]
  }, {
    "id" : "5aa9ea1f-61a7-46e8-9e52-a8b72692a73d",
    "fields" : [ {
      "metadata" : {
        "item_index" : 0,
        "is_key" : false,
        "min_length" : 0,
        "decimal_scale" : 0,
        "decimal_precision" : 0,
        "description" : "",
        "source_field_id" : "Link_2.SECURITY",
        "max_length" : 50,
        "is_signed" : false
      },
      "nullable" : true,
      "name" : "SECURITY",
      "app_data" : {
        "odbc_type" : "VARCHAR",
        "is_unicode_string" : false,
        "type_code" : "STRING"
      },
      "type" : "string"
    }, {
      "metadata" : {
        "item_index" : 0,
        "is_key" : false,
        "min_length" : 0,
        "decimal_scale" : 0,
        "decimal_precision" : 16,
        "description" : "",
        "source_field_id" : "Link_2.DEPOT_ID",
        "max_length" : 16,
        "is_signed" : true
      },
      "nullable" : true,
      "name" : "DEPOT_ID",
      "app_data" : {
        "odbc_type" : "NUMERIC",
        "is_unicode_string" : false,
        "type_code" : "DECIMAL"
      },
      "type" : "double"
    }, {
      "metadata" : {
        "item_index" : 0,
        "is_key" : false,
        "min_length" : 0,
        "decimal_scale" : 0,
        "decimal_precision" : 0,
        "description" : " ",
        "source_field_id" : "Link_2.PENDING_QUANTITY_SUM",
        "max_length" : 15,
        "is_signed" : true
      },
      "nullable" : true,
      "name" : "PENDING_QUANTITY_SUM",
      "type" : "double",
      "app_data" : {
        "odbc_type" : "DOUBLE",
        "is_unicode_string" : false,
        "type_code" : "DFLOAT"
      }
    }, {
      "metadata" : {
        "item_index" : 0,
        "is_key" : false,
        "min_length" : 0,
        "decimal_scale" : 0,
        "decimal_precision" : 0,
        "description" : " ",
        "source_field_id" : "Link_5.QTY_SUM",
        "max_length" : 100,
        "is_signed" : false
      },
      "nullable" : true,
      "name" : "QTY_SUM",
      "app_data" : {
        "odbc_type" : "DOUBLE",
        "is_unicode_string" : false,
        "type_code" : "DFLOAT"
      },
      "type" : "double"
    }, {
      "metadata" : {
        "item_index" : 0,
        "is_key" : false,
        "min_length" : 0,
        "decimal_scale" : 0,
        "decimal_precision" : 0,
        "description" : " ",
        "source_field_id" : "Link_5.SEG_QTY_SUM",
        "max_length" : 100,
        "is_signed" : false
      },
      "nullable" : true,
      "name" : "SEG_QTY_SUM",
      "app_data" : {
        "odbc_type" : "DOUBLE",
        "is_unicode_string" : false,
        "type_code" : "DFLOAT"
      },
      "type" : "double"
    } ]
  }, {
    "id" : "cd764104-6e59-4a77-90ac-3ee12f624995",
    "fields" : [ {
      "metadata" : {
        "item_index" : 0,
        "is_key" : false,
        "min_length" : 0,
        "decimal_scale" : 0,
        "decimal_precision" : 0,
        "description" : " ",
        "source_field_id" : "Link_1.SECURITY",
        "max_length" : 12,
        "is_signed" : false
      },
      "nullable" : true,
      "name" : "SECURITY",
      "type" : "string",
      "app_data" : {
        "odbc_type" : "VARCHAR",
        "is_unicode_string" : false,
        "type_code" : "STRING"
      }
    }, {
      "metadata" : {
        "item_index" : 0,
        "is_key" : false,
        "min_length" : 0,
        "decimal_scale" : 0,
        "decimal_precision" : 100,
        "description" : " ",
        "source_field_id" : "Link_1.DEPOT_ID",
        "max_length" : 100,
        "is_signed" : false
      },
      "nullable" : true,
      "name" : "DEPOT_ID",
      "type" : "double",
      "app_data" : {
        "odbc_type" : "NUMERIC",
        "is_unicode_string" : false,
        "type_code" : "DECIMAL"
      }
    }, {
      "metadata" : {
        "item_index" : 0,
        "is_key" : false,
        "min_length" : 0,
        "decimal_scale" : 0,
        "decimal_precision" : 0,
        "description" : " ",
        "max_length" : 100,
        "is_signed" : false
      },
      "nullable" : true,
      "name" : "QTY_SUM",
      "app_data" : {
        "odbc_type" : "DOUBLE",
        "is_unicode_string" : false,
        "type_code" : "DFLOAT"
      },
      "type" : "double"
    }, {
      "metadata" : {
        "item_index" : 0,
        "is_key" : false,
        "min_length" : 0,
        "decimal_scale" : 0,
        "decimal_precision" : 0,
        "description" : " ",
        "max_length" : 100,
        "is_signed" : false
      },
      "nullable" : true,
      "name" : "SEG_QTY_SUM",
      "app_data" : {
        "odbc_type" : "DOUBLE",
        "is_unicode_string" : false,
        "type_code" : "DFLOAT"
      },
      "type" : "double"
    } ]
  }, {
    "id" : "916ea027-f856-4a80-a2d6-571497343bb1",
    "fields" : [ {
      "metadata" : {
        "item_index" : 0,
        "is_key" : false,
        "min_length" : 0,
        "decimal_scale" : 0,
        "decimal_precision" : 0,
        "description" : " ",
        "max_length" : 15,
        "is_signed" : true
      },
      "nullable" : true,
      "name" : "PENDING_QUANTITY_SUM",
      "app_data" : {
        "odbc_type" : "DOUBLE",
        "is_unicode_string" : false,
        "type_code" : "DFLOAT"
      },
      "type" : "double"
    }, {
      "metadata" : {
        "item_index" : 0,
        "is_key" : false,
        "min_length" : 0,
        "decimal_scale" : 0,
        "decimal_precision" : 0,
        "description" : " ",
        "max_length" : 50,
        "is_signed" : false
      },
      "nullable" : true,
      "name" : "SECURITY",
      "app_data" : {
        "odbc_type" : "VARCHAR",
        "is_unicode_string" : false,
        "type_code" : "STRING"
      },
      "type" : "string"
    }, {
      "metadata" : {
        "item_index" : 0,
        "is_key" : false,
        "min_length" : 0,
        "decimal_scale" : 0,
        "decimal_precision" : 16,
        "description" : " ",
        "max_length" : 16,
        "is_signed" : true
      },
      "nullable" : true,
      "name" : "DEPOT_ID",
      "app_data" : {
        "odbc_type" : "NUMERIC",
        "is_unicode_string" : false,
        "type_code" : "DECIMAL"
      },
      "type" : "double"
    }, {
      "metadata" : {
        "item_index" : 0,
        "is_key" : false,
        "min_length" : 0,
        "decimal_scale" : 0,
        "decimal_precision" : 0,
        "description" : " ",
        "max_length" : 15,
        "is_signed" : true
      },
      "nullable" : true,
      "name" : "QTY_SUM",
      "app_data" : {
        "odbc_type" : "DOUBLE",
        "is_unicode_string" : false,
        "type_code" : "DFLOAT"
      },
      "type" : "double"
    }, {
      "metadata" : {
        "item_index" : 0,
        "is_key" : false,
        "min_length" : 0,
        "decimal_scale" : 0,
        "decimal_precision" : 0,
        "description" : " ",
        "max_length" : 15,
        "is_signed" : true
      },
      "nullable" : true,
      "name" : "SEG_QTY_SUM",
      "app_data" : {
        "odbc_type" : "DOUBLE",
        "is_unicode_string" : false,
        "type_code" : "DFLOAT"
      },
      "type" : "double"
    } ]
  }, {
    "id" : "6f8a3c75-79b1-4522-90f3-f0c5becc510b",
    "fields" : [ {
      "metadata" : {
        "item_index" : 0,
        "is_key" : false,
        "min_length" : 0,
        "decimal_scale" : 0,
        "decimal_precision" : 0,
        "description" : " ",
        "max_length" : 15,
        "is_signed" : true
      },
      "nullable" : true,
      "name" : "PENDING_QUANTITY_SUM",
      "app_data" : {
        "odbc_type" : "DOUBLE",
        "is_unicode_string" : false,
        "type_code" : "DFLOAT"
      },
      "type" : "double"
    }, {
      "metadata" : {
        "item_index" : 0,
        "is_key" : false,
        "min_length" : 0,
        "decimal_scale" : 0,
        "decimal_precision" : 0,
        "description" : " ",
        "max_length" : 50,
        "is_signed" : false
      },
      "nullable" : true,
      "name" : "SECURITY",
      "app_data" : {
        "odbc_type" : "VARCHAR",
        "is_unicode_string" : false,
        "type_code" : "STRING"
      },
      "type" : "string"
    }, {
      "metadata" : {
        "item_index" : 0,
        "is_key" : false,
        "min_length" : 0,
        "decimal_scale" : 0,
        "decimal_precision" : 16,
        "description" : " ",
        "max_length" : 16,
        "is_signed" : true
      },
      "nullable" : true,
      "name" : "DEPOT_ID",
      "app_data" : {
        "odbc_type" : "NUMERIC",
        "is_unicode_string" : false,
        "type_code" : "DECIMAL"
      },
      "type" : "double"
    }, {
      "metadata" : {
        "item_index" : 0,
        "is_key" : false,
        "min_length" : 0,
        "decimal_scale" : 0,
        "decimal_precision" : 0,
        "description" : " ",
        "max_length" : 15,
        "is_signed" : true
      },
      "nullable" : true,
      "name" : "QTY_SUM",
      "app_data" : {
        "odbc_type" : "DOUBLE",
        "is_unicode_string" : false,
        "type_code" : "DFLOAT"
      },
      "type" : "double"
    }, {
      "metadata" : {
        "item_index" : 0,
        "is_key" : false,
        "min_length" : 0,
        "decimal_scale" : 0,
        "decimal_precision" : 0,
        "description" : " ",
        "max_length" : 15,
        "is_signed" : true
      },
      "nullable" : true,
      "name" : "SEG_QTY_SUM",
      "app_data" : {
        "odbc_type" : "DOUBLE",
        "is_unicode_string" : false,
        "type_code" : "DFLOAT"
      },
      "type" : "double"
    } ]
  }, {
    "id" : "c9cec364-e2c6-4555-a555-c75ebc4e4150",
    "fields" : [ {
      "metadata" : {
        "item_index" : 0,
        "is_key" : false,
        "min_length" : 0,
        "decimal_scale" : 0,
        "decimal_precision" : 0,
        "description" : " ",
        "source_field_id" : "Link_19.PENDING_QUANTITY_SUM",
        "max_length" : 15,
        "is_signed" : true
      },
      "nullable" : true,
      "name" : "PENDING_QUANTITY_SUM",
      "app_data" : {
        "odbc_type" : "DOUBLE",
        "is_unicode_string" : false,
        "type_code" : "DFLOAT"
      },
      "type" : "double"
    }, {
      "metadata" : {
        "item_index" : 0,
        "is_key" : false,
        "min_length" : 0,
        "decimal_scale" : 0,
        "decimal_precision" : 0,
        "description" : " ",
        "source_field_id" : "Link_19.SECURITY",
        "max_length" : 50,
        "is_signed" : false
      },
      "nullable" : true,
      "name" : "SECURITY",
      "app_data" : {
        "odbc_type" : "VARCHAR",
        "is_unicode_string" : false,
        "type_code" : "STRING"
      },
      "type" : "string"
    }, {
      "metadata" : {
        "item_index" : 0,
        "is_key" : false,
        "min_length" : 0,
        "decimal_scale" : 0,
        "decimal_precision" : 16,
        "description" : " ",
        "source_field_id" : "Link_19.DEPOT_ID",
        "max_length" : 16,
        "is_signed" : true
      },
      "nullable" : true,
      "name" : "DEPOT_ID",
      "app_data" : {
        "odbc_type" : "NUMERIC",
        "is_unicode_string" : false,
        "type_code" : "DECIMAL"
      },
      "type" : "double"
    }, {
      "metadata" : {
        "item_index" : 0,
        "is_key" : false,
        "min_length" : 0,
        "decimal_scale" : 0,
        "decimal_precision" : 0,
        "description" : " ",
        "source_field_id" : "Link_19.QTY_SUM",
        "max_length" : 15,
        "is_signed" : true
      },
      "nullable" : true,
      "name" : "QTY_SUM",
      "app_data" : {
        "odbc_type" : "DOUBLE",
        "is_unicode_string" : false,
        "type_code" : "DFLOAT"
      },
      "type" : "double"
    }, {
      "metadata" : {
        "item_index" : 0,
        "is_key" : false,
        "min_length" : 0,
        "decimal_scale" : 0,
        "decimal_precision" : 0,
        "description" : " ",
        "source_field_id" : "Link_19.SEG_QTY_SUM",
        "max_length" : 15,
        "is_signed" : true
      },
      "nullable" : true,
      "name" : "SEG_QTY_SUM",
      "app_data" : {
        "odbc_type" : "DOUBLE",
        "is_unicode_string" : false,
        "type_code" : "DFLOAT"
      },
      "type" : "double"
    }, {
      "metadata" : {
        "item_index" : 0,
        "is_key" : false,
        "min_length" : 0,
        "decimal_scale" : 0,
        "decimal_precision" : 0,
        "description" : " ",
        "lastDataType" : "DOUBLE",
        "max_length" : 100,
        "is_signed" : false
      },
      "nullable" : true,
      "name" : "AVAILABLE_QTY",
      "type" : "DOUBLE",
      "app_data" : {
        "odbc_type" : "DOUBLE",
        "is_unicode_string" : false,
        "type_code" : "DFLOAT"
      }
    } ]
  } ],
  "doc_type" : "pipeline",
  "id" : "22e8e9ba-0d43-4f2f-a424-77bbb0d2b776",
  "app_data" : {
    "datastage" : {
      "timestamp_format" : "",
      "decimal_separator" : "",
      "flowRunPriorityQueue" : "Medium",
      "time_format" : "",
      "message_handlers" : [ ],
      "date_format" : "",
      "version" : "3.0.5"
    },
    "additionalProperties" : {
      "transInputLinkMapper" : {
        "1346ff06-1516-4483-9856-0cc9ade50cf9" : "Link_19"
      },
      "rcpLinkList" : [ ],
      "enableRCP" : false,
      "enableSchemaLessDesign" : false,
      "showLinkmarkings" : true,
      "showRuntimeMetrics" : true,
      "showComments" : true,
      "runMode" : "ETL"
    }
  },
  "version" : "3.0",
  "parameters" : {
    "local_parameters" : [ ]
  }
}